uid,body,title,url,newspaper_uid,host,n_tokens_title,n_tokens_body
a208fa9260371d726a41b10b41ff83bc,"Los Rolling Stones amenazaron el domingo al presidente de Estados Unidos, Donald Trump, con iniciar acciones legales por el uso de sus canciones en los actos de campaña del mandatario pese a las notificaciones legales exigiendo que deje de hacerlo.",Los Rolling Stones amenazan con demandar a Donald Trump,http://www.eluniversal.com.mx/espectaculos/musica/los-rolling-stones-amenazan-con-demandar-donald-trump,eluniversal,www.eluniversal.com.mx,6,22
602fe4651de5d33fa8b8a896179d2805,"Como parte de las medidas de apoyo a las familias ante la pandemia por coronavirus Covid-19, la Coordinación Nacional de Becas para el Bienestar Benito Juárez entregará 400 mil becas a alumnos de nivel básico, es decir, preescolar, primaria y secundaria.",Cómo consigo una de Beca Benito Juárez de primaria y secundaria,http://www.unionpuebla.mx/articulo/2020/05/26/educacion/como-consigo-una-de-beca-benito-juarez-de-primaria-y-secundaria,eluniversal,www.unionpuebla.mx,7,22
785bd930682054e238b68a7bd8dfffbe, La actriz Emilia Clarke fue captada por los paparazzis en un parque de Londres al salir a pasear a su perro. ,emilia clarke conquista londres con leggings negros,https://www.viveusa.mx/showbiz/emilia-clarke-conquista-londres-con-leggings-negros,eluniversal,www.viveusa.mx,6,10
8575c3932ba6cb712425f5b20c6ee6bc, Los Centros para el Control y la Prevención de Enfermedades (CDC) agregaron tres signos a la lista de posibles síntomas de Covid-19 que publica en su sitio web. ,los cdc agregan tres posibles sintomas de covid 19 su lista,https://www.viveusa.mx/bienestar/los-cdc-agregan-tres-posibles-sintomas-de-covid-19-su-lista,eluniversal,www.viveusa.mx,7,14
e719ff2dcc196a496b8dd11b3c2062e4," Durante la llamada “nueva normalidad” las ventas en los restaurantes y cafeterías del Centro Histórico aún se mantienen bajas, informó Alfonso González Hurtado, presidente de la Asociación de Comerciantes Establecidos del Centro Histórico.",Continúan bajas las ventas en el Centro de Querétaro,https://www.eluniversalqueretaro.mx/portada/continuan-bajas-las-ventas-en-el-centro,eluniversal,www.eluniversalqueretaro.mx,5,21
8966ead10350f7a5357bc92c2a89ff6e," La válvula potosina desarrollada por investigadores en San Luis Potosí, devuelve la esperanza a pacientes delicados de Covid-19, pues tiene la función de regular el paso de oxígeno de un respirador clínico a una máscara, y además, previene el contagio de la enfermedad, y así hacer frente a la pandemia global por el coronavirus. ","Con tecnología 3D, potosinos crean válvula para enfrentar el Covid-19",https://sanluis.eluniversal.com.mx/sociedad/26-05-2020/con-tecnologia-3d-potosinos-crean-valvula-para-enfrentar-el-covid-19,eluniversal,sanluis.eluniversal.com.mx,5,29
ad5b9fc957493d8dc9bce1cecd12c378, Kylie Jenner fue captada por los paparazzis en calles de Los Ángeles destilando glamour y sensualidad con ajustado atuendo plateado con negro. ,kylie jenner remarca su figura con pantalones de cuero y corse,https://www.viveusa.mx/showbiz/kylie-jenner-remarca-su-figura-con-pantalones-de-cuero-y-corse,eluniversal,www.viveusa.mx,7,13
27ca54621267c917d8dc36f02ae1a5a8," La Administración de Alimentos y Medicamentos de Estados Unidos, (FDA por sus siglas en inglés) emitió una alerta por desinfectantes potencialmente tóxicos, elaborados y distribuidos por Esk Biochem SA de CV. ",alertan por desinfectante de manos potencialmente toxico,https://www.viveusa.mx/bienestar/alertan-por-desinfectante-de-manos-potencialmente-toxico,eluniversal,www.viveusa.mx,5,18
fe6bdff80037b8575d70d16c8077c1cf, Estado de México,Así viven mujeres presas la pandemia en el penal de Santiaguito,http://www.eluniversal.com.mx/nacion/asi-viven-mujeres-presas-la-pandemia-en-el-penal-de-santiaguito,eluniversal,www.eluniversal.com.mx,7,1
a4c8b2d007355112e7d1905b416bed97,"El mexicano Hirving Lozano volvió a sumar minutos con el Napoli en su victoria 3-1 ante el Spal de este domingo, en donde dejó buenas sensaciones para su técnico Gennaro Gattuso.",Gattuso elogia al 'Chucky': La velocidad de Hirving Lozano es una locura,http://www.eluniversal.com.mx/universal-deportes/futbol/gattuso-elogia-al-chucky-la-velocidad-de-lozano-es-una-locura,eluniversal,www.eluniversal.com.mx,6,16
8ef619f3bd6f1ca4b008ded83e92b838," Hay veces que la expresión más amorosa y elocuente es el silencio, pero le sigue la música. La música ejerce un gran poder. Su misterio y magia nos transforma; abre puertas interiores, se apodera del alma, tiene el prodigio de llevarnos de la mano hacia la luz y hacia el amor infinito, al menos así es para quienes hemos tenido la suerte de experimentarlo.",¿Qué música transmites?,https://www.eluniversal.com.mx/opinion/gaby-vargas/que-musica-transmites,eluniversal,www.eluniversal.com.mx,2,31
424915f1e4fcf1b5a8e59a0aaa3b22c4," Le platicamos que ayer los 16 alcaldes de la Ciudad de México, 12 morenistas como Néstor Núñez, de Cuauhtémoc; un priista, un panista, uno de Movimiento Ciudadano y otro que llegó por el PRD, Manuel Negrete, cerraron filas con la jefa de Gobierno, Claudia Sheinbaum, y condenaron el atentado que sufrió el secretario de Seguridad Ciudadana, Omar García Harfuch, quien sobrevivió, y afirmaron que trabajarán de forma coordinada con el gobierno federal y capitalino para bloquear al crimen y apostar a la prevención del delito. Lo interesante será ver el alcance que tendrán los buenos deseos de los ediles porque, en materia de seguridad pública, tienen muy pocas facultades y son el primer contacto con los vecinos y, a la vez, son los que tienen una mejor radiografía de lo que ocurre en sus territorios.",El alcance de los ediles en materia de seguridad pública,http://www.eluniversal.com.mx/metropoli/el-alcance-de-los-ediles-en-materia-de-seguridad-publica,eluniversal,www.eluniversal.com.mx,5,64
7d0a130073d5d6a5310451c0cd47885e,Texto: Carlos Villasana y Ruth Gómez,Los primeros departamentos de la capital,https://www.eluniversal.com.mx/opinion/mochilazo-en-el-tiempo/los-primeros-departamentos-de-la-capital,eluniversal,www.eluniversal.com.mx,3,5
4f2ab1f9d925581ce75ea97e81f39481," Jalisco tiene 6 mil 190 casos confirmados y 620 muertos por coronavirus, de acuerdo con el reporte del 27 de junio de la Secretaría de Salud del gobierno federal.",Casos confirmados de Covid-19 en Jalisco al 27 de junio,http://www.eluniversal.com.mx/estados/coronavirus-jalisco-casos-confirmados-de-covid-19-al-27-de-junio,eluniversal,www.eluniversal.com.mx,4,13
08ced40736049e6c919c437886d2d04c," Madrid, España.-",Crisis postcovid. Transportistas buscan ayuda en España,https://www.eluniversalqueretaro.mx/portada/transportistasbuscan-ayuda-en-espana,eluniversal,www.eluniversalqueretaro.mx,6,1
752e746f2f8a41e76e0040f94c298bfd,"Isabel, la hondureña mejor conocida como “Lady Zote” murió a los 47 años el pasado 26 de junio a causa de Covid-19 que se complicó por comorbilidad a causa de diabetes que padecía la mujer.",muere lady zote por covid 19 y diabetes se hizo viral por rechazar jabon,https://www.elgrafico.mx/viral/muere-lady-zote-por-covid-19-y-diabetes-se-hizo-viral-por-rechazar-jabon,eluniversal,www.elgrafico.mx,9,17
6404861bc585cef7a592c68e123fa8b0,"En el gremio audiovisual ya hay algo de desesperación por volver al trabajo, para lo cual se requiere presentar resultados de una prueba Covid. Muchos han valorado hacerlo a través de las llamadas ""pruebas rápidas"", el problema es que se ha reiterado oficialmente que dichas pruebas sólo tienen un 50 por ciento máximo de seguridad en su resultado. Eso, nos cuentan, pone alerta al gremio, pues saben que habrá vivales que quieran aprovecharse de la desinformación para tener su agosto y ofrecer esas pruebas rápidas como si fueran 100% confiables. ",Gremio audiovisual alerta sobre pruebas rápidas ,http://www.eluniversal.com.mx/espectaculos/farandula/gremio-audiovisual-alerta-sobre-pruebas-rapidas,eluniversal,www.eluniversal.com.mx,5,43
5aa8f3c602f76a8e453a3cebe83d62dc,"Cristiano Ronaldo reventó las redes con su nuevo conjunto veraniego de Louis Vuitton. Se trata de una camisa y un pantalón corto, con flores grandes y de diferentes colores que le valieron a la estrella de la Juventus algunas burlas de sus compañeros. ",¿Cuánto cuesta el extravagante conjunto Louis Vuitton de Cristiano Ronaldo?,http://www.eluniversal.com.mx/universal-deportes/futbol/cristiano-ronaldo-su-extravagante-conjunto-louis-vuitton,eluniversal,www.eluniversal.com.mx,7,22
aecdc6978742c667f347af9d4cc54a38,Reynosa.— La funeraría Valle de la Paz ha recibido más de 40 cuerpos de gente que falleció por Covid-19.,Don Óscar aligera duelo de familias,https://www.eluniversal.com.mx/nacion/coronavirus-don-oscar-aligera-duelo-de-familias,eluniversal,www.eluniversal.com.mx,5,7
96325635b9e644a130642a45d9049a31,"Pep Guardiola, entrenador del Manchester City, confirmó en rueda de prensa que su equipo le hará el pasillo de honor al Liverpool, flamante campeón de la Premier League. ","Manchester City hará pasillo al Liverpool, confirma Guardiola",http://www.eluniversal.com.mx/universal-deportes/futbol/manchester-city-hara-pasillo-al-liverpool-confirma-guardiola,eluniversal,www.eluniversal.com.mx,7,17
1d7ebc95f4170f931b197719be937266," El Gobierno del presidente de EU, Donald Trump, anunció este lunes que congela la emisión de nuevos visados de los tipos H-1B, H-2B, H-4, L-1 y J-1 y tarjetas de residencia (""green cards"") al menos hasta finales de este año, lo cual podría evitar la entrada al país de más de 240.000 extranjeros.",cuales son las visas que trump congelo hasta 2021,https://www.viveusa.mx/noticias/cuales-son-las-visas-que-trump-congelo-hasta-2021,eluniversal,www.viveusa.mx,4,24
91bf4ee8af9190bd91dd426e71866a94,Texto: Daniela Jurado,El caos de los primeros grandes conciertos en México,https://www.eluniversal.com.mx/opinion/mochilazo-en-el-tiempo/el-caos-de-los-primeros-grandes-conciertos-en-mexico,eluniversal,www.eluniversal.com.mx,5,3
f383d1b73e746dbf591a51281a708665,"De acuerdo con la página oficial de Kaspersky, una compañía internacional dedicada a la seguridad informática, muchos usuarios latinoamericanos navegan sin preocupación por la red, ignorando que existen algunos riesgos que provienen desde tu router de casa.",Así puedes evitar los hackeos desde casa,http://www.eluniversal.com.mx/techbit/tips-para-evitar-que-tu-router-sea-hackeado,eluniversal,www.eluniversal.com.mx,5,20
de93554863efc4b74af87b591492bcaa," Durante la semana que termina, las autoridades de salud reportaron el mayor número de contagios de coronavirus desde que se lleva el conteo (números que, como sabemos, no están actualizados al día, sino con semanas de retraso). Con sismo y atentado, nos dicen, pasó desapercibida una gran contradicción entre el presidente Andrés Manuel López Obrador y el subsecretario Hugo López-Gatell: mientras el primero afirma que el pueblo mexicano ha dado un ejemplo al mundo de comportamiento ante el virus, López Gatell confirmó que las medidas no fueron obedecidas. Molesto por el recordatorio que se hizo en medios de comunicación porque en abril él previó un fin de la epidemia en la CDMX el 25 de junio, el funcionario afirmó que ese pronóstico sólo ocurriría si la gente respetaba el confinamiento. Es decir, el pueblo bueno y sabio no obedeció las medidas sanitarias y los 26 mil muertos y contando son su culpa, no de las autoridades de Salud que, dice la versión oficial, todo lo han hecho bien.",El pueblo bueno resultó desobediente,https://www.eluniversal.com.mx/opinion/periodistas-el-universal/el-pueblo-bueno-resulto-desobediente,eluniversal,www.eluniversal.com.mx,4,85
1906e0f0f2c7b1a418f2c4257a66d4a2,"En el Día del Orgullo LGBTIQ+ con un pequeño bikini hecho de girasoles, La Bebeshita le gritó a sus seguidores la importancia de pintar el mundo de colores, de ser libres y amar a quien se quiera sin importar lo que el resto diga, pero el asunto no paró ahí, como ya se sabe a la amorosa le gusta consentir a sus fans así que junto a su mensaje dejó un par de candentes videos. ",la bebeshita sorprende con candente baile para conmemorar dia del orgullo lgbtiq,https://www.elgrafico.mx/espectaculos/la-bebeshita-sorprende-con-candente-baile-para-conmemorar-dia-del-orgullo-lgbtiq,eluniversal,www.elgrafico.mx,8,35
7b7aee85122dd7173c238c9494adc365,"Entre sus actividades sabatinas, los vecinos de Lomas de Chapultepec no dejaron pasar el momento de observar los impactos de municiones de armas largas visibles en las fachadas de las casas, justo en el sitio en donde ocurrió el ataque contra el jefe de la policía capitalina.",Vuelve la normalidad a Lomas de Chapultepec tras ataque a García Harfuch ,http://www.eluniversal.com.mx/metropoli/cdmx/atentado-garcia-harfuch-vuelve-la-normalidad-lomas-de-chapultepec-tras-ataque-garcia,eluniversal,www.eluniversal.com.mx,8,23
e08675437adeb3e16419838446ccdbac,"Almoloya de Juárez.— Víctor, líder de  comerciantes en este municipio, fue ejecutado ayer al estilo del crimen organizado, pues para la policía todo indica un ajuste de cuentas.",sicarios ejecutan lider de comerciantes en el edomex los agresores se dieron la fuga,https://www.elgrafico.mx/la-roja/sicarios-ejecutan-lider-de-comerciantes-en-el-edomex-los-agresores-se-dieron-la-fuga,eluniversal,www.elgrafico.mx,8,15
967ea9174fb25b1f8e30e5c03120892c,"La ‘Chiquis Rivera’ está de manteles largos por los festejos de sus 35 años de edad, y qué mejor manera de celebrarlos que despojándose de toda su ropa para fascinación de sus seguidores.",la chiquis rivera festejo sus 35 anos quitandose la ropa y asi reaccionaron sus fans,https://www.elgrafico.mx/espectaculos/la-chiquis-rivera-festejo-sus-35-anos-quitandose-la-ropa-y-asi-reaccionaron-sus-fans,eluniversal,www.elgrafico.mx,9,15
aee6d0e1985eda2a55b781f9af867c59,"María Eva “N”, mamá de José Antonio Yépez Ortíz ""El Marro"", líder del Cártel de Santa Rosa de Lima, fue puesta en libertad por falta de pruebas.",Madre de “El Marro” queda en libertad por falta de pruebas,http://www.eluniversal.com.mx/estados/madre-de-el-marro-queda-en-libertad-por-falta-de-pruebas,eluniversal,www.eluniversal.com.mx,6,18
bfdc7982dac8ff7eca0f5bcf56c33972,"Naucalpan, Méx.- El rostro de una pareja de ladrones fue a dada a conocer por habitantes de Ciudad Satélite, luego de que un hombre y una mujer sometieron con un arma de fuego a un automovilista al que le robaron una camioneta de color negro.",Video: Pareja asalta a automovilista en 30 segundos en Satélite,http://www.eluniversal.com.mx/metropoli/edomex/video-pareja-asalta-automovilista-en-30-segundos-en-satelite,eluniversal,www.eluniversal.com.mx,6,20
c6da8f2421c9dbfc6c60f097fd7109f1,"Belinda es una de las coaches de La Voz México 2020 que por fin dio inicio en junio, tras el paro de grabaciones por el coronavirus.","Belinda, edad, estatura y otros datos de la coach de La Voz",http://www.unionyucatan.mx/articulo/2020/06/02/espectaculos/belinda-edad-estatura-y-otros-datos-de-la-coach-de-la-voz,eluniversal,www.unionyucatan.mx,6,12
5f60c7cdf92aacf7b90f2e7fae67366f,"Yanet García se consolidó como una de las consentidas en redes sociales por su labor en la pantalla chica, contrario a estas bellezas tapatías que primero saltaron del Instagram para retar a la famosa chica del clima regiomontana.",Las influencers tapatías que hacen temblar a Yanet García,http://www.unionjalisco.mx/articulo/2020/06/02/espectaculos/las-influencers-tapatias-que-hacen-temblar-yanet-garcia,eluniversal,www.unionjalisco.mx,6,20
b28df23d65546beae6a5eba62f9602ee," Ilsa Aguilar Bautista sonríe mientras muestra su fe de bautismo. Ella es la primera mujer trans reconocida en Querétaro y que obtuviera el cambio de nombre y género en su acta de nacimiento, también es la primera que la Universidad Autónoma de Querétaro (UAQ) cambia su título universitario, y ahora quiere ser la primera en cambiar su nombre en su fe de bautismo, para vivir de manera plena su religión, parte de su tradición familiar.",Pide fe de bautismo. Mujer trans quiere ser reconocida por la Iglesia,https://www.eluniversalqueretaro.mx/portada/mujer-trans-lucha-por-ser-reconocida-por-la-iglesia,eluniversal,www.eluniversalqueretaro.mx,9,42
9081e83bc22fc0df25eef160c203f5a0," “Fueron días muy duros para mí y mi familia. Cuando acudí al hospital, la angustia me invadió ante la posibilidad de que me había contagiado por el virus”, contó Andrés, un hombre de 51 años de edad, luego de salir del Hospital General número 1 del IMSS, el pasado 22 de mayo.","“La angustia me invadió ante la posibilidad de haberme contagiado de coronavirus""",https://sanluis.eluniversal.com.mx/sociedad/02-06-2020/la-angustia-me-invadio-ante-la-posibilidad-de-haberme-contagiado-de-coronavirus,eluniversal,sanluis.eluniversal.com.mx,6,23
9302331bf8744a3763c9899e29248d6f,"Gloria Estefan regresa después de siete años sin publicar un disco y lo hace desde el ritmo brasileño, en honor a este país y agradecida por poder seguir cantando: ""la música me salvó. Es un privilegio y un honor que otras personas escuchen mi música y lo seguiré haciendo hasta el día que no pueda cantar"", dijo. ",Gloria Estefan regresa y lo hace de manera brasileña,http://www.eluniversal.com.mx/espectaculos/musica/gloria-estefan-regresa-y-lo-hace-de-manera-brasilena,eluniversal,www.eluniversal.com.mx,6,30
9f400463f8000642d8078994d25cfb90,El gobierno del Estado de México a través de la Secretaría del Medio Ambiente informó que se mantiene el cierre de operaciones de los Centros de Verificación de Emisiones Contaminantes de Vehículos Automotores Autorizados (CVECA),Citas para verificar Edomex 2020: Entérate ,http://www.unionedomex.mx/articulo/2020/06/02/gente/citas-para-verificar-edomex-2020-enterate,eluniversal,www.unionedomex.mx,4,18
53468cf97e235c7431aaab008637ea1b," Tras suspender el envío de jornaleros por la pandemia de coronavirus, el gobierno de México y el de Canadá acordaron retomar el Programa de Trabajadores Agrícolas Temporales (PTAT). ",requisitos para el programa de trabajadores agricolas en canada,https://www.viveusa.mx/negocios/requisitos-para-el-programa-de-trabajadores-agricolas-en-canada,eluniversal,www.viveusa.mx,5,16
744e28a316a8383f3de1db41a6d22bfb,"Bajo un fuerte dispositivo de seguridad, con una escolta de más de 200 agentes de la Secretaría de Seguridad Ciudadana (SSC-CDMX) y de la Policía de Investigación (PDI), la madrugada de este domingo los 19 detenidos por el ataque en contra del titular de la Policía, Omar García Harfuch, fueron trasladados al Reclusorio Sur.   Los presuntos gatilleros a sueldo, todo el tiempo estuvieron dentro de dos unidades conocidas como “Rino”, el operativo fue coordinado por varias instituciones de seguridad y en el trayecto, vigilados por las cámaras del C-5 del Gobierno Capitalino, ante el temor de un trabajo de “rescate” para liberarlos.   Se espera que durante el transcurso del día inicie la audiencia de control, en la que un juez del Tribunal Superior de Justicia Local califique de legal la detención de los 19 imputados, este proceso será a puerta cerradas por la contingencia ocasionada por el Covid-19.  ",Trasladan a los 19 detenidos por ataque contra García Harfuch al Reclusorio Sur,http://www.eluniversal.com.mx/metropoli/cdmx/trasladan-los-19-detenidos-por-ataque-contra-garcia-harfuch-al-reclusorio-sur,eluniversal,www.eluniversal.com.mx,7,67
214871b46773a471bcf2a9625ebcc358,Nos dicen que el presidente Andrés Manuel López Obrador afina el mensaje para celebrar el segundo aniversario de su triunfo electoral el próximo miércoles 1 de julio.,"AMLO festeja dos años de triunfo, ¿habrá cambios?",https://www.eluniversal.com.mx/nacion/bajo-reserva-expres-amlo-festeja-dos-anos-de-triunfo-habra-cambios,eluniversal,www.eluniversal.com.mx,6,16
17e169885b2b7cd1ef9c76dec0cb9a18, Más de 3 mil 400 personas han donado $41 mil dólares para el barista Lenin Gutiérrez por su firmeza para negar el servicio a una mujer que exigió ser atendida sin cubrebocas. ,41 mil dolares para barista que nego servicio mujer sin cubrebocas,https://www.viveusa.mx/compras/41-mil-dolares-para-barista-que-nego-servicio-mujer-sin-cubrebocas,eluniversal,www.viveusa.mx,7,16
3fecd6c26bdf72a28a5d218a0824704b,"Cada domingo, Carlos solía asistir a la iglesia Misión Cristiana Incluyente, la cual se ubica en la colonia Roma, alcaldía de Cuauhtémoc; esto, antes de la emergencia sanitaria.",¿Cómo es una iglesia a la que asisten personas de la comunidad LGBTTTI?,http://www.eluniversal.com.mx/metropoli/cdmx/como-es-una-iglesia-la-que-asisten-personas-de-la-comunidad-lgbttti,eluniversal,www.eluniversal.com.mx,5,16
ed1249df100a27d67a2b65c7711b2140," El empresario Mark Zuckerberg ha construido un imperio de redes sociales. No sólo es creador de Facebook, ha sumado Messenger, Instagram y WhatsApp a su dominio. ",la intensa rutina diaria de mark zuckerberg creador de facebook,https://www.viveusa.mx/negocios/la-intensa-rutina-diaria-de-mark-zuckerberg-creador-de-facebook,eluniversal,www.viveusa.mx,7,15
6914dabb90b847aaaf712e81edc33a8f," Museos, zonas arqueológicas, bibliotecas, centros de trabajo y las tres escuelas del Instituto Nacional de Antropología e Historia (INAH) serán abiertos de forma gradual cuando el semáforo epidemiológico se encuentre en amarillo y verde.",INAH: “Turismo no nos presionará para abrir museos y zonas arqueológicas”,https://oaxaca.eluniversal.com.mx/nacion/23-06-2020/inah-turismo-no-nos-presionara-para-abrir-museos-y-zonas-arqueologicas,eluniversal,oaxaca.eluniversal.com.mx,7,21
8f354ccc785c9630599c170ef0ec78fc,"Antes de alcanzar fama por su peculiar forma de narrar los partidos de fútbol, Enrique Bermúdez de la Serna comenzó su peregrinar en Guadalajara, ciudad donde conoció a su esposa y madre de sus dos hijos, Leticia Torres Prince.",La bella heredera tapatía del ‘Perro’ Bermúdez,http://www.unionjalisco.mx/articulo/2020/06/01/espectaculos/la-bella-heredera-tapatia-del-perro-bermudez,eluniversal,www.unionjalisco.mx,5,22
a0907bf4f44a780564655e09af1577bd,"En el marco de la celebración del orgullo gay y ante la pandemia por Covid-19, Hugo López-Gatell, subsecretario de Prevención y Promoción de la Salud, agradeció a la comunidad LGBT+ por haber realizado la marcha 42 de forma virtual. ",López-Gatell agradece a comunidad LGBT por marcha virtual,http://www.eluniversal.com.mx/nacion/lopez-gatell-agradece-comunidad-lgbt-por-marcha-virtual,eluniversal,www.eluniversal.com.mx,5,17
a1ae4baca0a5c31f331de233f349d58d," Al terminar su mandato, don Felipe Calderón pasó algunos meses en Harvard. Nunca se supo si dio clases en la augusta Universidad, si realizó determinado tipo de investigación, si publicó artículos en doctas y académicas revistas o simplemente se refugió tras su lamentable mandato y su contribución, como tantos otros, si no es que todos sus antecesores, a la destrucción del país. Después de haberle declarado la “guerra al narco”, desde la comodidad de su despacho, y con su familia bien resguardada, el conflicto entre mexicanos, sin vínculos con el narcotráfico, y mexicanos, incluyendo políticos, dedicados a comprar y vender estupefacientes, se incrementó. Menuda herencia del calderonismo. El expresidente, obligado por la sociedad, intentó menguar el dolor de los familiares de las nunca veraces cifras oficiales de muertos y desaparecidos mediante el polémico Memorial de las Víctimas, que en esa época, de acuerdo a números gubernamentales, siempre falsos, eran, hasta noviembre de 2012, 60 mil muertos y 10 mil desaparecidos.",México como violencia,https://www.eluniversal.com.mx/opinion/arnoldo-kraus/mexico-como-violencia,eluniversal,www.eluniversal.com.mx,2,90
e46441ba2c3b18c3d28a05b9c9e78937,"Jugar con las combinaciones de alimentos es algo delicioso, pero además es algo que puede resultar sumamente nutritivo, pues hay algunos ingredientes que juntos forman un mix nutritivo que puede servir para diferentes propósitos.",Alimentos que debes combinar para obtener un mix de nutrientes,http://www.eluniversal.com.mx/menu/combina-estos-alimentos-para-explotar-sus-nutrientes,eluniversal,www.eluniversal.com.mx,6,19
2449147ad077d7cd96a70f286103f40b," La modelo Kendall Jenner sorprendió a sus seguidores con una sesión de fotografías en lencería, las cuales forman parte de la promoción de la nueva línea de maquillaje de Kylie Cosmetics. ",kendall jenner apuesta por lenceria para sesion con kylie,https://www.viveusa.mx/showbiz/kendall-jenner-apuesta-por-lenceria-para-sesion-con-kylie,eluniversal,www.viveusa.mx,6,17
64d5aaad908b5e4802d33c75eaf05b9c,"Nueva York celebró este domingo el Día del Orgullo LGBTI sin su multitudinario desfile, cancelado en su 50 aniversario por la Covid-19, pero la reivindicación por los derechos y libertades de esta comunidad estuvo presente tanto en un evento virtual como en las calles, donde una marcha alternativa sumó fuerzas con el movimiento Black Lives Matter (BLM).",Nueva York celebra los 50 años de su Desfile del Orgullo con evento virtual,http://www.eluniversal.com.mx/mundo/nueva-york-celebra-los-50-anos-de-su-desfile-del-orgullo-con-evento-virtual,eluniversal,www.eluniversal.com.mx,8,28
f668fbc336c92e01556a15b29f400eec,"El tratado comercial entre México, Estados Unidos y Canadá (T-MEC) será una palanca ""muy importante"" para la recuperación de la economía nacional después de la emergencia sanitaria provoacada por el coronavirus, consideró la secretaria de Economía, Graciela Márquez.","T-MEC, una palanca muy importante para recuperar la economía: Márquez Colín",http://www.eluniversal.com.mx/nacion/politica/t-mec-una-palanca-muy-importante-para-recuperar-la-economia-marquez-colin,eluniversal,www.eluniversal.com.mx,6,20
76171fff4739c5cee3d39d5abff89291,"Washington.- El número de casos confirmados de COVID-19 en todo el mundo acaba de superar los 10 millones, según el recuento de la Universidad John Hopkins, mientras que el de número de muertos está cerca del medio millón.",Coronavirus: número de casos de Covid-19 en el mundo supera los 10 millones,http://www.eluniversal.com.mx/mundo/coronavirus-numero-de-casos-de-covid-19-en-el-mundo-supera-los-10-millones,eluniversal,www.eluniversal.com.mx,6,18
283eb15a96262f94562b960bcffe2b18,Christian Nodal es una de las estrellas del regional mexicano y ahora se estrena como coach de La Voz México 2020.,"Christian Nodal, edad y secretos del coach de La Voz México 2020",http://www.unionyucatan.mx/articulo/2020/06/02/espectaculos/christian-nodal-edad-y-secretos-del-coach-de-la-voz-mexico-2020,eluniversal,www.unionyucatan.mx,7,10
91cc9dd472a5e033e754edfcec872597,La Secretaría de Educación Pública (SEP) presentó el nuevo calendario escolar por coronavirus Covid-19.,Nuevo calendario escolar por coronavirus Covid-19 para imprimir,http://www.unionguanajuato.mx/articulo/2020/06/03/educacion/nuevo-calendario-escolar-por-coronavirus-covid-19-para-imprimir,eluniversal,www.unionguanajuato.mx,5,9
88c89a49007612eff755c5570186c43f," La actriz Eiza González se disculpó tras ser acusada de racismo por la difusión de una imagen que muestra su rostro pintado con maquillaje oscuro para su actuación en una telenovela mexicana, en 2007. ",eiza gonzalez se disculpa por blackface que mostro en telenovela,https://www.viveusa.mx/showbiz/eiza-gonzalez-se-disculpa-por-blackface-que-mostro-en-telenovela,eluniversal,www.viveusa.mx,6,18
15301843f78707d864f7fdab65cd000e," El presidente Andrés Manuel López Obrador afirmó que no habrá guerra ni acuerdo con el crimen organizado, porque su administración seguirá adelante con su estrategia para que haya paz y tranquilidad con justicia en todo el país.","AMLO no cambia de estrategia, pese a atentado contra García Harfuch",http://www.eluniversal.com.mx/nacion/politica/atentado-garcia-harfuch-amlo-no-cambia-de-estrategia-pese-atentado-contra-garcia,eluniversal,www.eluniversal.com.mx,7,18
f6fc48d1cac3f030027e1a1bfcc10cd2,"La empresa Interjet informó que fortalece su proceso de capitalización y su plan de negocios, lo que le permitirá convertirse en la aerolínea más importante de México, con el objetivo de enfrentar la emergencia sanitaria de Covid-19.",Interjet fortalece plan de negocios; descarta ajuste de personal,http://www.eluniversal.com.mx/cartera/interjet-fortalece-plan-de-negocios-descarta-ajuste-de-personal,eluniversal,www.eluniversal.com.mx,7,17
06f16da9112a03cea237e44df9ae9419," Cuando los nazis llegaron al poder, las universidades fueron purgadas de científicos judíos con el argumento de que había que hacer ciencia aria. En la Rusia de Stalin corrieron a los científicos burgueses para hacer ciencia comunista. ¿Qué es una ciencia judía? ¿O una ciencia burguesa?",Metáfora 10: ¿Una ciencia neoliberal?,https://www.eluniversal.com.mx/opinion/sara-sefchovich/metafora-10-una-ciencia-neoliberal,eluniversal,www.eluniversal.com.mx,3,23
04aef1a4d11eb128fa7889529d852661,"El icónico Autódromo Internacional de Mugello podría ser parte de una triple fecha en Italia para el calendario acortado de esta temporada de la F1. Esto se llevaría a cabo justamente en el fin de semana que Ferrari cumpliría su Gran Premio número 1,000. ",Italia podría recibir tres carreras de F1 este año ,http://www.eluniversal.com.mx/autopistas/formula-1-italia-podria-tener-tres-carreras-este-ano,eluniversal,www.eluniversal.com.mx,6,23
bc35a11cced1e8f77e015b89fafa1ad9,"Estocolmo.- Finlandia, Suecia y Noruega registraron en los últimos días un inusual pequeño aumento de los niveles de radioactividad de origen humano, que es inofensivo para el hombre y cuya fuente se hallaría en Rusia, según un instituto holandés, y en Letonia, de acuerdo a otros indicios.",Inusual subida de niveles de radioactividad de origen humano en norte de Europa,http://www.eluniversal.com.mx/mundo/suben-niveles-de-radioactividad-de-origen-humano-en-norte-de-europa,eluniversal,www.eluniversal.com.mx,8,25
9bf9462a20e79c34f3c1a167a0c8aa3e," Steve Jobs fue un genio que revolucionó los teléfonos inteligentes, las computadoras personales y la manera de escuchar música. Apple, empresa que fundó, afianzó un mercado que aún deja grandes ganancias a su familia. ",el lujoso estilo de vida de eve la hija de steve jobs,https://www.viveusa.mx/negocios/el-lujoso-estilo-de-vida-de-eve-la-hija-de-steve-jobs,eluniversal,www.viveusa.mx,7,21
9b194782b5dee11531ea6f8ffd2894f9,"Ante la cuarentena por coronavirus Covid-19, el Instituto Nacional Electoral (INE) ha emitido dos medidas para quienes no cuentan con su credencial de elector o por si ésta no se encuentra actualizada.",Constancia Digital INE: ¿cómo tramitarla y para qué sirve?,http://www.unioncdmx.mx/articulo/2020/05/27/ciudadanos/constancia-digital-ine-como-tramitarla-y-para-que-sirve,eluniversal,www.unioncdmx.mx,5,16
540d4cfbf8245ffaa8bf52756a1f8478," Luego de que el sector comercial atravesara por una caída en ventas por permanecer dos meses cerrado, ahora debe hacer frente a cuantiosas inversiones para lograr ser parte de la reactivación económica, acatando medidas sanitarias.",Locales del Centro de SLP gastan hasta 5 mil pesos en materiales contra Covid-19: Consejo,https://sanluis.eluniversal.com.mx/cartera/18-06-2020/locales-del-centro-de-slp-gastan-hasta-5-mil-pesos-en-materiales-contra-covid-19,eluniversal,sanluis.eluniversal.com.mx,8,24
4e60033e358b839134037f5936eae85d,"En la barra de programación de las diferentes cadenas de televisión existen programas con mala suerte alrededor de su elenco, casos como ‘La Voz México’ o ‘Enamorándonos’ pueden considerarse como ejemplos de la maldición que los persigue.",‘Enamorándonos’ y su maldición,http://www.unionjalisco.mx/articulo/2020/06/03/espectaculos/enamorandonos-y-su-maldicion,eluniversal,www.unionjalisco.mx,2,20
0ae420267bc0f4944b131d5de79c73ac,"La Ciudad de México reabrirá parcialmente a partir de lunes 29 de junio, luego de que las autoridades redujeran el nivel de alerta en la vigilancia epidemiológica por la pandemia de Covid-19.",Semáforo naranja: estas actividades vuelven a partir de mañana en la CDMX,http://www.eluniversal.com.mx/metropoli/cdmx/coronavirus-cdmx-las-actividades-que-vuelven-en-semaforo-naranja,eluniversal,www.eluniversal.com.mx,7,15
61436536e4de1f3e1a1188b0814f9df8," Rodrigo González Sánchez, presidente del Colegio de Pediatras de Querétaro, señaló que los niños son menos vulnerables al SARS CoV-2 porque sus pulmones requieren de menos cantidad de un receptor de una enzima a la que se fija el virus.",“Los niños son menos vulnerables al coronavirus” ,https://www.eluniversalqueretaro.mx/portada/los-ninos-son-menos-vulnerables-al-coronavirus,eluniversal,www.eluniversalqueretaro.mx,4,20
247bcc5bb8f0a4663e805e4e63ded070,Texto: Cristina Hernández  ,"“El Bello Greco”, el primer luchador exótico ",https://www.eluniversal.com.mx/opinion/mochilazo-en-el-tiempo/el-bello-greco-el-primer-luchador-exotico,eluniversal,www.eluniversal.com.mx,5,3
30f7869635f85ac96e8b779d8581ab61," Gabino Morales Mendoza, superdelegado federal en el estado de San Luis Potosí, informó en su declaración patrimonial y de conflicto de intereses que tuvo un ingreso neto por su cargo casi 80 veces más de lo que reportó el presidente Andrés Manuel López Obrador, mientras que Pablo Amílcar Sandoval Ballesteros, delegado en Guerrero y hermano de Irma Eréndira Sandoval, secretaria de la Función Pública (SFP), aún no presenta su declaración patrimonial.",Delegado de SLP declaró ganar 80 veces sueldo de AMLO,http://www.eluniversal.com.mx/nacion/politica/delegado-de-slp-declaro-ganar-80-veces-sueldo-de-amlo,eluniversal,www.eluniversal.com.mx,7,43
b9a2300f1322f2f8d7a1b7606e144c5e, La Secretaría de Salud del gobierno federal informó que al 27 de junio hay registro de 26 mil 381 muertos y 212 mil 802 casos confirmados acumulados de coronavirus en México.,"Casos de Covid-19 en México, estado por estado al 27 de junio",http://www.eluniversal.com.mx/estados/casos-de-covid-19-en-mexico-estado-por-estado-al-27-de-junio,eluniversal,www.eluniversal.com.mx,3,15
dfd783a174948763ead62af066825d05, En Puebla se han registrado mil 181 muertes y 9 mil 522 casos confirmados de coronavirus al 27 de junio.,Casos confirmados de Covid-19 en Puebla al 27 de junio,http://www.eluniversal.com.mx/estados/casos-confirmados-de-covid-19-en-puebla-al-27-de-junio,eluniversal,www.eluniversal.com.mx,4,9
05cffd19e84cd3aed41377f8e5923e78,Texto: Carlos Villasana y Ruth Gómez.,El edificio para la salud e higiene,https://www.eluniversal.com.mx/opinion/mochilazo-en-el-tiempo/el-edificio-porfirista-para-la-salud-e-higiene,eluniversal,www.eluniversal.com.mx,3,5
ce4bad0c3426b0a14c3a263849f2c511," La cantante Jennifer López recibió el verano presumiendo su belleza al compartir una fotografía en la playa, a través de su cuenta de Instagram.  ",jennifer lopez enciende el verano con traje de bano blanco,https://www.viveusa.mx/showbiz/jennifer-lopez-enciende-el-verano-con-traje-de-bano-blanco,eluniversal,www.viveusa.mx,7,13
e403fbb33a83d7a712773f256b58004e,La tiranía de Hollywood no perdona ni siquiera a las actrices más cotizadas como Scarlett Johansson.,"Scarlett Johansson denuncia ""presión"" de Hollywood para estar delgados",http://www.eluniversal.com.mx/espectaculos/cine/scarlett-johansson-denuncia-presion-de-hollywood-para-estar-delgados,eluniversal,www.eluniversal.com.mx,6,8
cb0b8a6eaaa61c5a25d1ed5ec99b8ea1,"La mañana de este 28 de junio, el coordinador del Partido Acción Nacional (PAN) en la Cámara de Diputados en San Lázaro, Juan Carlos Romero Hicks, confirmó a través de Twitter la muerte de su hijo Juan Carlos Siekman. Sin entrar en pormenores sobre la causa del fallecimiento lo recordó como un hombre entregado a las artes y también agradeció todas las muestras de cariño y apoyo que le han hecho llegar. ",fallece hijo de juan carlos romero hicks coordinador del pan en san lazaro,https://www.elgrafico.mx/al-dia/fallece-hijo-de-juan-carlos-romero-hicks-coordinador-del-pan-en-san-lazaro,eluniversal,www.elgrafico.mx,10,38
b0c3f608bf966358c46d45aeefeba419," Son muchos los que dicen que después de esta pandemia todo va a cambiar; otros contestan que no habrá más cambios que los de enfrentar mejor la próxima plaga. Albert Camus hablaba de una “utopía modesta”. Cuando recibió el premio Nobel dijo: “Cada generación, sin duda, se cree llamada a rehacer el mundo. Sin embargo, la mía sabe que no va a rehacerlo. Puede que su tarea sea mayor aún. Consiste en impedir que el mundo se deshaga”. Muchos años después, el gran historiador Tony Judt, en Pensar el siglo XX, pensaba a nuestro siglo XXI: “Como intelectuales, corremos el riesgo de encontrarnos en una situación tal que nuestra tarea principal sea, no imaginar un mundo mejor, sino reflexionar en los medios de evitar peores mundos”.",Modesta utopía,https://www.eluniversal.com.mx/opinion/jean-meyer/modesta-utopia,eluniversal,www.eluniversal.com.mx,2,68
376e5ecd5d0be88284fc9e2dc032bfaa,La energía eléctrica que permite encender diariamente cinco de cada 10 focos en el país está controlada por empresas privadas.,Empresas privadas controlan 45% de la energía eléctrica,http://www.eluniversal.com.mx/cartera/empresas-privadas-controlan-45-de-la-energia-electrica,eluniversal,www.eluniversal.com.mx,5,12
d4ae4507f59a582eba9887ccf4cd51fb,"Elementos de la Fiscalía General de la República (FGR) detuvo a Jaime Tafolla Ortega “El Alacrán”, identificado como integrante del Cártel Jalisco Nueva Generación (CJNG) quien supuestamente está implicado en el homicidio del juez federal Uriel Villegas Ortiz.",Detienen a dos sospechosos por asesinato del juez Uriel Villegas y su esposa,http://www.eluniversal.com.mx/nacion/detienen-dos-sospechosos-por-asesinato-del-juez-uriel-villegas-y-su-esposa,eluniversal,www.eluniversal.com.mx,8,25
8aa21cfab43bf4707108edf88852d3b5,Leer en español,"Mexico City police chief Omar García Harfuch injured in assassination attempt, blames CJNG cartel",https://www.eluniversal.com.mx/english/mexico-city-police-chief-omar-garcia-harfuch-injured-assassination-attempt-blames-cjng,eluniversal,www.eluniversal.com.mx,14,2
1396f488f7fc18081cfa742d9e91d205," Juchitán de Zaragoza.— Tres días después de que se reportó la desaparición del norteamericano Antony Nicodym en el mar de Puerto Escondido, la mañana de este martes fue localizado frente al faro de este puerto. ",Localizan cuerpo de estadounidense desaparecido frente al faro de Puerto Escondido,https://oaxaca.eluniversal.com.mx/municipios/16-06-2020/localizan-cuerpo-de-estadounidense-desaparecido-frente-al-faro-de-puerto,eluniversal,oaxaca.eluniversal.com.mx,8,18
a36130bfcaaf6b9c153e621ab842e2b8,"El diputado local del PAN, Federico Döring, llamó a la jefa de Gobierno, Claudia Sheinbaum, a no olvidar la situación de la familia de Gabriela Gómez Cervantes, mujer que murió durante el atentado en contra del secretario de Seguridad Ciudadana (SSC), Omar García Harfuch.    “Nos parece una irresponsabilidad que el Gobierno haya tratado de consolar a los familiares con 10 mil pesos. ¿Realmente eso vale la vida de una persona para la doctora Sheinbaum?”, cuestionó el panista.   Reconoció que si bien otorgaron facilidades para los trámites sobre el deceso, el legislador del blanquiazul se unió a la demanda que ha hecho el esposo de la hoy occisa, quien busca una indemnización justa para su familia.   “Hemos visto a la jefa de Gobierno visitando al secretario en el hospital, pero jamás vimos un acercamiento real hacia las familias de las víctimas, ya no sólo de Gómez Cervantes, sino alguna actitud con los familiares de los escoltas fallecidos y elementos heridos, simples reconocimientos y lamentaciones”, criticó el diputado.    Ante ello, Döring Casar pidió a la secretaria de Gobierno, Rosa Icela Rodríguez, hacer un segundo esfuerzo para darle un trato más humano a la situación y no escatimar recursos para apoyar a la familia de Gabriela, quien dejó a dos menores solas.    “Esta mujer era trabajadora y vivía al día, no dejar sola a la familia. Ojalá tengan una atención más clara y le exigimos al Gobierno darles todo el apoyo que va desde una vivienda, becas hasta garantizar los estudios de los menores hasta la universidad y que no se queden desprotegidos”, reiteró el panista.    Además, dijo, en apoyo a la economía del esposo viudo, la doctora Sheinbaum Pardo debe garantizarles un medio de transporte para que este señor continúe con la venta de sus productos y mantenga a sus hijas.   Hay que entender que la desgracia de esta familia, sobre todo de Gabriela, es que estuvo en el lugar y la hora equivocada. Es una víctima ajena en la lucha contra la delincuencia, “pero es inhumano que ahora el Gobierno capitalino pretenda dar sólo 10 mil pesos a los deudos para que olviden el problema”, enfatizó el legislador.","Irresponsable, consolar con $10 mil a familia de joven fallecida en ataque a García Harfuch: Döring",https://www.eluniversal.com.mx/metropoli/cdmx/irresponsable-consolar-con-10-mil-familia-de-joven-fallecida-en-ataque-garcia-harfuch,eluniversal,www.eluniversal.com.mx,10,183
1d90e6a140a874fbda638f458384f102,"A través de redes sociales, el presidente Andrés Manuel López Obrador publicó un video en el que se refirió a una semana difícil en nuestro país que registró un sismo de magnitud 7.5 en Oaxaca, más muertes por Covid-19 y el atentado contra Omar García Harfuch, secretario capitalino de Seguridad Ciudadana. ","Lo que dijo AMLO tras una “semana difícil” de sismo, pandemia y atentado",http://www.eluniversal.com.mx/nacion/politica/lo-que-dijo-amlo-tras-una-semana-dificil-de-sismo-pandemia-y-atentado,eluniversal,www.eluniversal.com.mx,8,27
1574200d0dec87badcf0c1fa43244a62,"Con más de un año de experiencia en el futbol mexicano como técnico de los Pumas, Miguel González Míchel ya trabaja en el armado del equipo rumbo al Apertura 2020. Complicada misión para el español.",Los 'problemas' de Míchel González rumbo al Apertura 2020,http://www.eluniversal.com.mx/universal-deportes/futbol/pumas-los-problemas-de-michel-rumbo-al-apertura-2020,eluniversal,www.eluniversal.com.mx,4,17
fe654e88feb791d2baf140de0ad6b420,"El escenario es un salón de la Casa Blanca, donde Donald Trump (DT), su hija Ivanka y su yerno Jared esperan con curiosidad a la delegación mexicana encabezada por el presidente Andrés Manuel López Obrador (AMLO). Sobre la mesa se han dispuesto cajitas con hamburguesas, pollo frito y refresco de cola. Minutos antes, AMLO y su comitiva visitaron apresuradamente la estatua de Benito Juárez en las avenidas Virginia y Nuevo Hampshire, pues los antifa siguen empeñados en derribar monumentos.",El Foco. Así será la reunión entre Trump y AMLO,http://www.eluniversal.com.mx/nacion/el-foco-asi-sera-la-reunion-entre-trump-y-amlo,eluniversal,www.eluniversal.com.mx,5,48
e25ee180212ea8f1600ec81875f52a34,"La actriz María Sorté ha usado las redes sociales para agradecer las muestras de apoyo que le han enviado luego que su hijo, el secretario de Seguridad Ciudadana de la CDMX, Omar García Harfuch, fue víctima el viernes de un atentado orquestado por el Cartel Jalisco Nueva Generación. ",María Sorté agradece oraciones a García Harfuch,http://www.eluniversal.com.mx/espectaculos/maria-sorte-agradece-oraciones-su-hijo-omar-garcia-harfuch,eluniversal,www.eluniversal.com.mx,6,27
5058eac953d5838d2076cede588f4524,"Los 28 sicarios que atentaron contra el secretario de Seguridad Ciudadana de la Ciudad de México, Omar García Harfuch, se ocultaron en hoteles de la alcaldía Cuauhtémoc, en dos casas de la Gustavo A. Madero y otra en la alcaldía Tláhuac; además, el arsenal de armas que emplearon incluyó no sólo cinco fusiles Barrett, sino un lanzagranadas. En total fueron levantados 414 casquillos percutidos.",Agresores de García Harfuch se ocultaron en tres alcaldías ,http://www.eluniversal.com.mx/metropoli/atentado-garcia-harfuch-agresores-de-se-ocultaron-en-tres-alcaldias,eluniversal,www.eluniversal.com.mx,6,35
aba257786a71d81b2c8bdd6ffb7393ac,"Guanajuato.- La defensa de María Ortíz, madre del líder del Cartel de Santa Rosa de Lima, José Antonio Yépez, dio a conocer que un hermano de “El Marro” y su familia, se fue de México hacia Estados Unidos, tras la detención de la señora y una hermana.",Hermano de “El Marro” se va a Estados Unidos tras detenciones,http://www.eluniversal.com.mx/estados/hermano-de-el-marro-se-va-estados-unidos-tras-detenciones,eluniversal,www.eluniversal.com.mx,6,24
63774360ff1b2631094b7ea08a2c5c98,"No hay mexicano que se respete que no ame y adore el pan dulce; es más, muy alto en la lista de nuestras delicias favoritas, siempre hay por lo menos un par de estas maravillas, e incluso se arman grandes discusiones familiares sobre las virtudes de unos y otros, y qué decir de las verdaderas batallas campales sobre la posesión (y consumo, por supuesto) de la última concha de vainilla.",Conoce los panes dulces mexicanos más clásicos de todos,http://www.eluniversal.com.mx/menu/estos-son-los-10-panes-mexicanos-mas-tradicionales,eluniversal,www.eluniversal.com.mx,5,30
35658f0587568203b8ad0d693766028b,"El gobernador de California, Gavin Newsom, ordenó este domingo el cierre de los bares de Los Ángeles y de otros seis condados del estado en su intento de atajar la expansión de los casos de coronavirus en la región.",California cierra bares de Los Ángeles y 6 condados más para combatir el Covid-19,http://www.eluniversal.com.mx/mundo/coronavirus-california-cierra-bares-de-los-angeles-y-6-condados-mas,eluniversal,www.eluniversal.com.mx,6,17
84fa272b70a52aa1bc15a5e80eee40d1,Texto: Elisa Villa Román,La abundancia petrolera “vino y se fue” en noches de diciembre,https://www.eluniversal.com.mx/opinion/mochilazo-en-el-tiempo/la-abundancia-petrolera-vino-y-se-fue-en-noches-de-diciembre,eluniversal,www.eluniversal.com.mx,5,4
8186415a9b64ad383faf77f634d5954d,"Yo soy Betty, la fea es una de las telenovelas más exitosas de todos los tiempos. Y sus personajes y elenco traspasaron la pantalla.","Yo soy Betty, la fea, elenco, personajes y actores antes y después",http://www.unionyucatan.mx/articulo/2020/06/01/espectaculos/yo-soy-betty-la-fea-elenco-personajes-y-actores-antes-y-despues,eluniversal,www.unionyucatan.mx,6,9
0a5d823bfddff102366865b6faaadc0b,Texto: Susana Colin Moya,A 100 años del avionazo en la Lagunilla,https://www.eluniversal.com.mx/opinion/mochilazo-en-el-tiempo/100-anos-del-avionazo-en-la-lagunilla,eluniversal,www.eluniversal.com.mx,3,4
e453f3bc1abae97bb0c6079ca3c3d20d," La actriz Salma Hayek abrió el baúl de los recuerdos y compartió en Instagram un fragmento de la película From Dusk Till Dawn con la que acaparó los reflectores en 1996, cuando ella tenía 30 años. ",salma hayek baila en bikini con su throwback mas atrevido,https://www.viveusa.mx/showbiz/salma-hayek-baila-en-bikini-con-su-throwback-mas-atrevido,eluniversal,www.viveusa.mx,7,17
382fb2db50a79b1d8dcca91bce55b6fd,"Damián Alcázar volvió a dar de qué hablar, y es que en esta ocasión criticó a Felipe Calderón por ser uno de los opositores al gobierno de Andrés Manuel López Obrador.",Damián Alcázar arremete contra Felipe Calderón Hinojosa,http://www.eluniversal.com.mx/espectaculos/farandula/damian-alcazar-arremete-contra-felipe-calderon-hinojosa,eluniversal,www.eluniversal.com.mx,6,16
f209eb1f4fa5e9f433e96ce413cb3563,"Este fin de semana los fans de ""Dark"" no se alejaron de sus pantallas, pues por fin llegó la tercera y última temporada del programa protagonizado por Louis Hofmann. ","Tercera temporada de ""Dark"" deja confusión y memes en redes",http://www.eluniversal.com.mx/espectaculos/tercera-temporada-de-dark-deja-confusion-y-memes-en-redes,eluniversal,www.eluniversal.com.mx,7,16
269276eddab04b72cb9d9f6ff33c0e60," —Ayudaremos a los pobres —: el plan del Presidente López Obrador ante la crisis que vivimos ha dejado en el desamparo y la zozobra a la otra mitad de la población, la clase media.",El fin de la economía,https://www.eluniversal.com.mx/opinion/sabina-berman/el-fin-de-la-economia,eluniversal,www.eluniversal.com.mx,2,14
6bf5078b48b67ff59021014ffcad2a53,"No hay dudas… los hermanos Wachowski se ganaron un lugar importante en la historia del cine tras dirigir una de las películas más emblemáticas del siglo pasado: Matrix (1999). Se trata de una película que les generó un rápido y rotundo éxito, que provocó un gran impacto por sus innovaciones visuales.",las hermanas wachowski y su dura transicion sexual,https://de10.com.mx/parejas/las-hermanas-wachowski-y-su-dura-transicion-sexual,eluniversal,de10.com.mx,5,25
01b9f4c064bbfe718f3e6d218b1c4a5b," Una democracia saludable requiere de vigorosos debates de los asuntos públicos en todos los medios posibles, desde las conversaciones familiares y juntas vecinales hasta los medios de comunicación y el parlamento. El grado de confrontación y polarización de la conversación pública varía con la intensidad de las preferencias y la disposición al compromiso de los contendientes. La democracia es para eso, para resolver los conflictos sin violencia. La herencia funesta de las revoluciones y las guerras ha contribuido a que la democracia sea un valor universal, un sistema preferible y preferido sobre aquellas porque es el único que permite las transformaciones pacíficas.",No polarizarás en vano,https://www.eluniversal.com.mx/opinion/francisco-valdes-ugalde/no-polarizaras-en-vano,eluniversal,www.eluniversal.com.mx,2,47
e976654944174c87ffacab88947ed6c4,"No hay días aburridos para los fotoperiodistas de EL UNIVERSAL. Ya sea de madrugada, en sus días de descanso o en los de “agenda floja”, los fotógrafos de esta casa editorial se la pasan cazando con pasión las imágenes que ya han visualizado incluso antes de encontrarlas.","Sismo, mariachis y una noche con paramédicos, en las mejores fotos de la semana",http://www.eluniversal.com.mx/cultura/artes-visuales/una-noche-con-paramedicos-y-sismo-en-las-mejores-fotos-de-la-semana,eluniversal,www.eluniversal.com.mx,7,19
8f02d887043b8a4c09ae7fff05e7d1fb," En Querétaro, 84% de las llamadas de emergencia a la línea 911 relacionadas con violencia contra las mujeres corresponden a incidentes de pareja, reporta el Secretariado Ejecutivo del Sistema Nacional de Seguridad Pública (SESNSP).",Querétaro es el quinto estado con más llamadas por violencia a mujeres,https://www.eluniversalqueretaro.mx/portada/captan-2-mil-800-reportes-de-violencia-mujeres,eluniversal,www.eluniversalqueretaro.mx,5,18
acd1487873f78364f4dd2a2ae1ee3d0f,"Luego de que el académico universitario John Ackerman, esposo de Irma Eréndira Sandoval, titular de la Secretaría de la Función Pública (SFP), asegurara esta mañana, tras el atentado contra Omar García Harfuch, secretario capitalino de Seguridad Ciudadana, que los sicarios del narco son “la contracara del sicariato mediático”, el Comité para la Protección de los Periodistas (CPJ, por sus siglas en inglés), expresó su preocupación por cualquier caracterización de periodistas mexicanos como “sicarios”, debido a que México es uno de los países más violentos para la prensa al nivel mundial.",Preocupa a CPJ expresiones de Ackerman contra la prensa tras atentado de García Harfuch,http://www.eluniversal.com.mx/nacion/preocupa-cpj-expresiones-de-ackerman-contra-la-prensa-tras-atentado-de-garcia-harfuch,eluniversal,www.eluniversal.com.mx,9,50
46324a92efff5a6e9e66e571366f0e5e," La visa de turista B1/B2 es un requisito para los mexicanos que desean visitar Estados Unidos. Con la categoría B1 se viaja por reuniones de negocios, conferencias de trabajo o convenciones. ",coronavirus se puede viajar de mexico estados unidos con visa de turista,https://www.viveusa.mx/destinos/coronavirus-se-puede-viajar-de-mexico-estados-unidos-con-visa-de-turista,eluniversal,www.viveusa.mx,7,14
b77df04458a816c5c48c0397d3c4bbe3,La Comisión Nacional de Derechos Humanos (CNDH) exhortó al académico John Ackerman a respetar los derechos humanos de los periodistas.,CNDH exhorta a Ackerman a respetar los derechos humanos de periodistas ,http://www.eluniversal.com.mx/nacion/cndh-exhorta-ackerman-respetar-los-derechos-humanos-de-periodistas,eluniversal,www.eluniversal.com.mx,7,13
bebe996f5927072e655061faf9403c1a," Las calificaciones y certificados correspondientes al ciclo escolar 2019-2020, ya están disponibles y pueden consultarse a través de las páginas seslp.gob.mx, http://cpte.gob.mx/calificaciones/ y en la aplicación para celular Calificaciones SLP, informó su titular Joel Ramírez Díaz, quien precisó que en ambos casos es un trámite completamente gratuito. ",Ofrece la SEGE consulta de boleta de calificaciones y certificados a través de celular e internet,https://sanluis.eluniversal.com.mx/sociedad/22-06-2020/ofrece-la-sege-consulta-de-boleta-de-calificaciones-y-certificados-traves-de,eluniversal,sanluis.eluniversal.com.mx,9,26
337a649c46c559e9c400d534320c7bf1," Juchitán de Zaragoza. - El Ayuntamiento de San Mateo del Mar, comunidad Ikoots, del Istmo de Tehuantepec en Oaxaca, confirmó la masacre de 15 habitantes indígenas como resultado de un conflicto político-electoral entre la cabecera municipal y otras comunidades. ",Confirman masacre de 15 ikoots en San Mateo del Mar por conflicto político-electoral ,https://oaxaca.eluniversal.com.mx/municipios/22-06-2020/confirman-masacre-de-15-ikoots-en-san-mateo-del-mar-por-conflicto-politico,eluniversal,oaxaca.eluniversal.com.mx,7,20
c0ba63c4f19b6e340080bdb19328e29d,"A través de su cuenta de Twitter, la Benemérita Universidad Autónoma de Puebla (BUAP), informó que como consecuencia de la emergencia sanitaria por Covid-19, el Proceso de Admisión 2020 deberá posponerse, atendiendo las recomendaciones de las autoridades federales.",Admisión BUAP 2020: Examen de admisión se pospone,http://www.unionpuebla.mx/articulo/2020/06/01/educacion/admision-buap-2020-examen-de-admision-se-pospone,eluniversal,www.unionpuebla.mx,5,20
eff070b0aea84b8d1474afad29b5bf26,"México llegó, al corte de este 28 de junio, a 26 mil 648 muertes por Covid-19, con 216 mil 852 casos de coronavirus, según informaron autoridades de la Secretaría de Salud.","México llega a 216 mil 852 casos de Covid-19; hay 26,648 muertes ",http://www.eluniversal.com.mx/nacion/sociedad/coronavirus-28-de-junio-mexico-llega-216-mil-852-casos-hay-26648-muertes,eluniversal,www.eluniversal.com.mx,5,14
1b30d62334cd7dcd9295832d8f4b7481,"La Comisión Permanente del Congreso de la Unión convocó a periodo extraordinario de sesiones del Senado de la República para este 29 y 30 de junio, para aprobar el paquete legislativo que de vigencia plena al T-MEC, este 1 de julio.",Citan a periodo extraordinario en el Senado por paquete legislativo del T-MEC,http://www.eluniversal.com.mx/nacion/citan-periodo-extraordinario-en-el-senado-por-paquete-legislativo-del-t-mec,eluniversal,www.eluniversal.com.mx,6,17
b8b479001f9c9514aab94f27a52fc0ed,"El presidente Andrés Manuel López Obrador estimó que para julio próximo se detendrá la caída de los empleos formales ante el IMSS porque como adelantó la crisis económica será en ""V"".","Caída de empleos se detendrá en julio, estima AMLO",http://www.eluniversal.com.mx/nacion/caida-de-empleos-se-detendra-en-julio-estima-amlo,eluniversal,www.eluniversal.com.mx,6,17
6c35bd1e2054b6fabc2794bbfa782ed1," Nos cuentan desde Zacatecas que el hallazgo de 14 cadáveres en Fresnillo atribuidos al crimen organizado desató una reyerta de acusaciones y culpas entre el diputado morenista Omar Carrera Pérez y la dirigencia estatal del PRI, presidida por Gustavo Uribe Góngora, luego de que en sus redes sociales don Omar afirmó que el gobierno estatal está “aislado en materia de inseguridad”, por lo que se encomendaba a Dios. No obstante, nos detallan, ni tardo ni perezoso el PRI mandó un comunicado para exonerar al gobernador Alejandro Tello (PRI) de la violencia desatada en la entidad por el narcotráfico y responsabilizó a la Federación, además de señalar “insuficiencias y desatinos de la Guardia Nacional” en Zacatecas y el país, mientras que al diputado local le reprocharon no hacer nada para ayudar a disminuir la incidencia delictiva en su propia tierra. ¡Qué tal!",Hallan 14 cuerpos... y entre priistas y morenistas se echan culpas sin dar soluciones,http://www.eluniversal.com.mx/estados/hallan-14-cuerpos-y-entre-priistas-y-morenistas-se-echan-culpas-sin-dar-soluciones,eluniversal,www.eluniversal.com.mx,8,75
66b20fbaaa03ca3b1ab9e2762a19dc42," El 2020 es año electoral en Estados Unidos. Lo estadounidenses elegirán presidente, vicepresidente, al 100% de la Cámara de Representantes y 34 asientos del senado. Además, 11 estados y dos territorios votarán por gobernador. ",elecciones 2020 quien puede votar en estados unidos y quien no,https://www.viveusa.mx/educacion/elecciones-2020-quien-puede-votar-en-estados-unidos-y-quien-no,eluniversal,www.viveusa.mx,4,16
79f56f5e7d606e76754efc91a0963b38," Juchitán de Zaragoza.- La autorización de la Manifestación de Impacto Ambiental (MIA) que dio la Secretaría de Medio Ambiente y Recursos Naturales (Semarnat)  a la empresa Ferrocarril del Istmo de Tehuantepec (FIT) para iniciar con las obras de rehabilitación de las vías del Tren Transístmico, establece al menos 10 requerimientos obligatorios previos que deben cumplirse  antes de arrancar los trabajos; sin embargo, aunque estos “candados” no se han cubierto del todo, las labores para modernizar casi 133 kilómetros de las vías férreas ya comenzaron.",Semarnat puso candados para obras del Tren Transístmico; aprobación es “condicionada” ,https://oaxaca.eluniversal.com.mx/estatal/15-06-2020/semarnat-puso-candados-para-obras-del-tren-transistmico-aprobacion-es,eluniversal,oaxaca.eluniversal.com.mx,8,44
45314df8192b4e55b7896dcdd58990a5,María José se estrena como coach de La Voz México 2020 en Televisión Azteca.,"María José, edad, estatura y más de la coach de La Voz México",http://www.unionyucatan.mx/articulo/2020/06/02/espectaculos/maria-jose-edad-estatura-y-mas-de-la-coach-de-la-voz-mexico,eluniversal,www.unionyucatan.mx,7,8
c69873e98509fbad5bd8cb2277738021,"El Santos Laguna tendría en activo en la Liga MX el registro del joven futbolista Joao Maleck, quien sigue en prisión por el cargo de homicidio culposo, debido a que hace un año provocó el choque automovilístico en el que murió la pareja, Fernanda Peña y Alejandro Castro, en calles de Zapopan, Jalisco.","Santos Laguna habría renovado a Joao Maleck, preso en Puente Grande ",http://www.eluniversal.com.mx/universal-deportes/futbol/liga-mx-santos-habria-renovado-joao-maleck-preso-en-puente-grande,eluniversal,www.eluniversal.com.mx,8,30
b22591e4e0e428b9fb805ab184e4f8df,"Cruz Azul emitió un comunicado en donde dio a conocer que de los ocho casos confirmados como positivos en coronavirus, tres son jugadores, y el resto “miembros del staff”.",Cruz Azul confirma: tres futbolistas con Covid-19; cuatro sospechosos,http://www.eluniversal.com.mx/universal-deportes/futbol/cruz-azul-confirma-tres-futbolistas-con-covid-19-4-sospechosos,eluniversal,www.eluniversal.com.mx,7,16
156d388b01c438428e4911392d4f4568,Texto: Patricia Plata Cruz y Yessica Torres,Así eran las antiguas muñecas mexicanas ,https://www.eluniversal.com.mx/opinion/mochilazo-en-el-tiempo/asi-eran-las-antiguas-munecas-mexicanas,eluniversal,www.eluniversal.com.mx,4,6
b5fd08063f2fed2d6d46ec6310d6a36a,"La Fiscalía de Puebla detuvo a Óscar N, alias “El Loco Téllez”, quien era uno de los principales objetivos de detención por estar implicado en robo de combustible de los ductos de Pemex, secuestro, asaltos, extorsiones, homicidios y narcomenudeo, entre otros delitos.","Detienen a “El Loco Téllez”, presunto líder huachicolero de Puebla",http://www.eluniversal.com.mx/estados/detienen-el-loco-tellez-presunto-lider-huachicolero-de-puebla,eluniversal,www.eluniversal.com.mx,7,22
b7a315c70a62258b9930a3f35489eaae,"Si eres un aficionado de la cocina o incluso si te consideras un experto frente a la sartén, debes admitir que hay cosas nuevas que aprender cada día respecto a la gastronomía. Es por eso por lo que también existen errores que seguro has cometido a la hora de preparar alimentos ¡sin saberlo!",10 errores garrafales que hemos cometido en la cocina,https://de10.com.mx/vivir-bien/10-errores-garrafales-que-hemos-cometido-en-la-cocina,eluniversal,de10.com.mx,4,26
ba8a3139a33f6040ec58fd4868558570,"Durante mucho tiempo, la palabra homosexual ha sido relacionada con un pecado, un delito e, incluso, con una enfermedad mental, pero eso comenzó a cambiar el 15 de diciembre de 1973, cuando en un hecho histórico, la Sociedad Americana de Psiquiatría (APA) la eliminó del Manual de Diagnóstico Estadístico de los Trastornos Mentales.",tratamientos inhumanos con los que curaban la homosexualidad,https://de10.com.mx/parejas/tratamientos-inhumanos-con-los-que-curaban-la-homosexualidad,eluniversal,de10.com.mx,4,25
fabe452990187835557e41bc1bd4c9a2,El Día del Padre 2020 se celebrará el próximo domingo 21 de junio.,¿Cuándo es el Día del Padre en México 2020?,http://www.unionguanajuato.mx/articulo/2020/05/25/cultura/cuando-es-el-dia-del-padre-en-mexico-2020,eluniversal,www.unionguanajuato.mx,3,6
96bbb3daabc1e9278f99597c84857bde," Una juez federal en el estado de San Luis Potosí concedió un amparo a una niña, que actualmente cursa el quinto grado de primaria, para que las autoridades educativas garanticen que recibirá educación en instalaciones adecuadas, en condiciones de higiene y seguridad.",Niña gana demanda para que mejoren su escuela en San Luis Potosí,https://sanluis.eluniversal.com.mx/sociedad/13-06-2020/nina-gana-demanda-para-que-mejoren-su-escuela-en-san-luis-potosi,eluniversal,sanluis.eluniversal.com.mx,8,23
03c47999a3b95a87a041e135d16ca262,"El coordinador de los diputados federales del PAN, Juan Carlos Romero Hicks, informó del fallecimiento de su hijo, Juan Carlos Romero Siekman, pérdida por la que él y su familia han recibido las condolencias de la clase política.",Muere hijo del líder de los diputados del PAN; clase política lamenta el deceso,http://www.eluniversal.com.mx/nacion/muere-hijo-del-lider-de-los-diputados-del-pan-clase-politica-lamenta-el-deceso,eluniversal,www.eluniversal.com.mx,9,21
aae1bfaf48c487b6fc063cbcafc8e752,"Después de que el Cruz Azul ha anunciado que ocho de sus integrantes dieron positivo por Covid-19 y hay otros siete casos que son sospechosos, las alarmas se han encendido en la Secretaría de Salud, que se ha puesto en contacto con autoridades de la Liga MX.",Secretaría de Salud pide pruebas exprés a todos los clubes de la Liga MX,http://www.eluniversal.com.mx/universal-deportes/futbol/liga-mx-secretaria-de-salud-pide-pruebas-expres-todos-los-clubes,eluniversal,www.eluniversal.com.mx,8,20
9a28c0e2c90c6af5db8af2213141019e,"Algunos prefieren a los perros pequeños, caseros y diminutos... pero otros dueños de mascotas escogen a los perros más grandes, ya que son excelentes compañeros de juego y tienen una apariencia muy especial e imponente ¡Conoce a los perros gigantes del mundo animal!",las 10 razas de perro mas grandes del mundo,https://de10.com.mx/vivir-bien/las-10-razas-de-perro-mas-grandes-del-mundo,eluniversal,de10.com.mx,5,20
2c24fcad3724ff41228854842a09a5bd," Es claro que nada ni nadie puede cambiar lo que ya ocurrió, pero sí se pueden modificar las maneras y sentidos en que en el presente se interpreta y reconstruye lo ocurrido, lo que se ha recibido del pasado. Hoy somos testigos de una fase muy llamativa e interesante de este fenómeno en Estados Unidos, una lucha política por reinterpretar aspectos de lo ocurrido hace más de siglo y medio —la guerra de secesión (1861-1865)— e incluso antes. Algo similar ha ocurrido en otros países con traumas colectivos.",La batalla por el pasado,https://www.eluniversal.com.mx/opinion/lorenzo-meyer/la-batalla-por-el-pasado,eluniversal,www.eluniversal.com.mx,2,37
27b4218390c5eb67e99d0ac531d2c2c5,Tabasco suma 9 mil 988 casos confirmados y 998 fallecimientos por Covid-19 al 27 de junio. La incidencia de Covid-19 en la entidad es de 388.29 casos por cada 100 mil habitantes.,"Casos de Covid-19 en Yucatán, Quintana Roo y Tabasco al 27 de junio",http://www.eluniversal.com.mx/estados/casos-de-covid-19-en-yucatan-quintana-roo-y-tabasco-al-27-de-junio,eluniversal,www.eluniversal.com.mx,6,13
c7c6089ec81648192b0f4dbd102db80a," Se trata de la mafia más poderosa del país. También, a la que se atribuyen los mayores vínculos con cuerpos policiacos y con la clase política, especialmente la que condujo el gobierno durante el sexenio Peña Nieto, que dejó crecer sus tentáculos desde tres o cuatro hasta por lo menos 28 estados del país, con lo que logró una plataforma que le permite hoy operar en medio centenar de naciones.",¿Cómo llegamos hasta aquí? ,https://www.eluniversal.com.mx/opinion/roberto-rock-l/como-llegamos-hasta-aqui,eluniversal,www.eluniversal.com.mx,2,32
aa97a9136824bfced0e892686b81b6ee,"Durante esta época de pandemia el influencer Juanma Salazar ha visto un crecimiento en cuanto a los que, como él, crean contenido a través de plataformas como YouTube o Instagram. ",Juanma Salazar siente que ha crecido la competencia,http://www.eluniversal.com.mx/espectaculos/juanma-salazar-siente-que-ha-crecido-la-competencia,eluniversal,www.eluniversal.com.mx,4,14
1e6f4ed28824897fe2c39e7e15643dfc," La Fiscalía General del Estado de Oaxaca (FGEO) informó que un juez vinculó a proceso a un sujeto, señalado como probable responsable del delito de violación agravada en contra de sus dos hijas de 11 y ocho años de edad.",Vinculan a sujeto que presuntamente atacó sexualmente a sus dos hijas en Oaxaca,https://oaxaca.eluniversal.com.mx/estatal/28-04-2020/vinculan-sujeto-que-presuntamente-ataco-sexualmente-sus-dos-hijas-en-oaxaca,eluniversal,oaxaca.eluniversal.com.mx,8,20
67e5438eba106c3959093ff2f5b0f5dd," Guanajuato. — Este sábado se realizó la segunda audiencia de vinculación de María Eva Ortiz, mamá de José Antonio Yépez, El Marro, líder del Cártel de Santa Rosa de Lima (CSRL), pero no se presentó la perito de la Fiscalía que presentaría pruebas fundamentales para el juicio.","No se presenta perito a juicio de mamá de ""El Marro""",http://www.eluniversal.com.mx/estados/no-se-presenta-perito-juicio-de-mama-de-el-marro,eluniversal,www.eluniversal.com.mx,5,27
17b73d5477c6ed9c35ff467370cc4325,"Demi Rose Mawby es una modelo británica que causa revuelo en las redes sociales debido a su belleza y sensualidad. Cuenta con más de 14 millones de seguidores en Instagram, donde suele publicar fotos atrevidas y aquí en De10.mx te platicamos un poco más acerca de ella…",demi rose la modelo que causa sensacion en las redes sociales,https://de10.com.mx/cultura-digital/demi-rose-la-modelo-que-causa-sensacion-en-las-redes-sociales,eluniversal,de10.com.mx,7,23
5d46615728015b7fd8282292d4d6c7ca,"La Comisión Metropolitana de Instituciones Públicas de Educación Media Superior (COMIPEMS), informó a los aspirantes registrados para participar en la edición 2020 del Concurso de Asignación a la Educación Media Superior de la Zona Metropolitana de la Ciudad de México, que:","Nuevas fechas para examen COMIPEMS 2020, ¿cuándo son?",http://www.unioncdmx.mx/articulo/2020/06/03/educacion/nuevas-fechas-para-examen-comipems-2020-cuando-son,eluniversal,www.unioncdmx.mx,4,22
