uid,body,title,url,newspaper_uid,host,n_tokens_title,n_tokens_body
34c476e16d745cb56c437e1cadf3bbaa,"Esta tarde, en el jardín de las rosas de la Casa Blanca, los presidentes Andrés Manuel López Obrador y Donald Trump firman una declaración conjunta México-EU, nos adelantan. ",La declaración AMLO-Trump,https://www.eluniversal.com.mx/nacion/bajo-reserva-expres-la-declaracion-amlo-trump,eluniversal,www.eluniversal.com.mx,1,16
9b6cbfe977b9015b05c4cd9e08c7e99d,La Secretaría de Educación de Yucatán (Segey) detalló los criterios que tomará en cuenta para la asignación de lugares en las secundarias con sobre demanda.,Cómo se asignarán lugares en secundarias de Yucatán,http://www.unionyucatan.mx/articulo/2020/07/07/educacion/como-se-asignaran-lugares-en-secundarias-de-yucatan,eluniversal,www.unionyucatan.mx,5,12
ec52ba2369cbf23057fc902495863e6b," Tres policías estatales y dos municipales han resultado positivos a Covid-19 en Querétaro, dos de ellos fallecieron en las últimas horas; los casos fueron reportados por las respectivas corporaciones.",Reportan dos policías fallecidos y tres más positivos a Coronavirus,https://www.eluniversalqueretaro.mx/portada/fallecen-dos-policias-por-virus,eluniversal,www.eluniversalqueretaro.mx,7,16
35310c4f59c26ec1d54f4ed9c14bcd01,"El expresidente de la Cámara de Diputados y ex embajador de México ante la ONU, Porfirio Muñoz Ledo, calificó que la visita del presidente Andrés Manuel López Obrador y su discurso en la Casa Blanca en Washington, fue una proeza diplomática y el tabasqueño se volvió a poner la banda presidencial.","Con su discurso, AMLO se volvió a poner la banda presidencial: Muñoz Ledo",http://www.eluniversal.com.mx/nacion/politica/munoz-ledo-amlo-se-volvio-poner-la-banda-presidencial,eluniversal,www.eluniversal.com.mx,8,28
a56ef1d340d825284927812a163dd1ff," La Administración de Alimentos y Medicamentos (FDA) de Estados Unidos amplió su lista de las marcas de gel antibacterial que tienen altos niveles de toxicidad que pueden dañar a las personas durante la emergencia de coronavirus. ",eu alerta por otras 5 marcas mexicanas de gel antibacterial con metanol,https://www.viveusa.mx/bienestar/eu-alerta-por-otras-5-marcas-mexicanas-de-gel-antibacterial-con-metanol,eluniversal,www.viveusa.mx,7,18
b9c43420813698ec445a39a505eeebeb," Al participar en la Primera Asamblea Plenaria Ordinaria 2020 de la Conferencia Nacional de Seguridad Pública Municipal, el alcalde Luis Nava destacó la labor de las corporaciones de seguridad de los municipios que a lo largo de la contingencia sanitaria provocada por el Covid-19 han sido de los primeros respondientes y los más cercanos a los ciudadanos.",Destaca Lava Nava labor de agentes municipales,https://www.eluniversalqueretaro.mx/portada/destaca-nava-labor-de-agentes-municipales,eluniversal,www.eluniversalqueretaro.mx,6,27
81ffb6b3673b4c044266d7633d8f33f1,#OpiniónExprés,AMLO y Trump: muchas flores en el Jardín de las Rosas,https://www.eluniversal.com.mx/opinion/andrew-selee/amlo-y-trump-muchas-flores-en-el-jardin-de-las-rosas,eluniversal,www.eluniversal.com.mx,6,1
4a62b27ab982c54b047fc8b6b7952f3d," El gobernador del estado, Francisco Domínguez Servién, encabezó la entrega de equipamiento antimotín y unidades a elementos de la Policía Estatal, con una inversión de 11.8 millones de pesos de recursos estatales.",Reconoce gobernador a la Policía Estatal,https://www.eluniversalqueretaro.mx/portada/reconoce-fds-la-policia-estatal,eluniversal,www.eluniversalqueretaro.mx,4,17
0fc9bb96a73fe35cbef469e7d2897aaf,Uno de los requisitos para cobrar las Becas Benito Juárez a través de Bienestar Azteca es que presentes tu NIP.,"Bienestar Azteca Edomex: No recuerdo mi NIP, ¿qué puedo hacer?",http://www.unionedomex.mx/articulo/2020/07/06/educacion/bienestar-azteca-edomex-no-recuerdo-mi-nip-que-puedo-hacer,eluniversal,www.unionedomex.mx,7,10
d1ce033e94eb3532b2177556d201e01d,"El presidente de Estados Unidos, Donald Trump, calificó como “excepcional” la visita que realiza su homólogo de México, Andrés Manuel López Obrador, y aseguró que a pesar de adversidades y apuestas en contra, ambos mandatarios han tenido una muy buena relación desde el principio, por lo que “ya han aprendido a no apostar en contra de nosotros”.",Trump califica como “excepcional” la visita de AMLO a EU,http://www.eluniversal.com.mx/nacion/trump-excepcional-la-visita-de-amlo-eu,eluniversal,www.eluniversal.com.mx,6,25
26bc5a121ce26612c6becb0fdd2e5bc3,"Chihuahua.- Luego de confirmar la detención del exgobernador César Duarte, el mandatario estatal, Javier Corral Jurado, recordó que el priista heredó una deuda por casi 50 mil millones de pesos a los chihuahuenses como consecuencia del abuso en el manejo de los fondos públicos, por lo cual espera que pronto pueda ser extraditado.","Detención de César Duarte, triunfo ante la impunidad: Javier Corral",http://www.eluniversal.com.mx/estados/detencion-de-cesar-duarte-triunfo-ante-la-impunidad-javier-corral,eluniversal,www.eluniversal.com.mx,7,30
0749ee5300251510e0988c16f554a539," El que México lograra un lugar en el Consejo de Seguridad de la ONU llevó al canciller Marcelo Ebrard a liderar en aprobación. Le siguió el titular de Marina, muestra el Análisis de Reputación Mediática.","Ebrard, con mejor cobertura mediática al lograr lugar en Consejo de Seguridad",http://www.eluniversal.com.mx/nacion/ebrard-con-mejor-cobertura-mediatica-al-lograr-lugar-en-consejo-de-seguridad,eluniversal,www.eluniversal.com.mx,8,19
c60c1e7023f827cde296898d6c109fc0,#OpiniónExprés,AMLO perdió la oportunidad; prefirió el elogio,https://www.eluniversal.com.mx/opinion/leon-krauze/amlo-perdio-la-oportunidad-prefirio-el-elogio,eluniversal,www.eluniversal.com.mx,5,1
5b8aed6d8be464084a3e050f027b0ce6,"Bill Clinton es uno de los presidentes de Estados Unidos que pasaron a la historia por sus escándalos más que por sus políticas o acciones a favor de su pueblo. En De10.mx te contamos sobre los “trapos sucios” que enfrentó este controversial personaje antes, durante y después de su mandato.",10 escandalos de bill clinton que mancharon su presidencia,https://de10.com.mx/top-10/10-escandalos-de-bill-clinton-que-mancharon-su-presidencia,eluniversal,de10.com.mx,5,19
c0be1380a566bb889a5571c09490c863,"El Instituto Mexicano del Seguro Social (IMSS) aplazó la apertura de sus guarderías hasta el próximo 20 de julio a fin de hacer una exhaustiva revisión de protocolos sanitarios y actividades de capacitación, informó el director de Prestaciones Económicas y Sociales, Mauricio Hernández Ávila.",IMSS aplaza reapertura de guarderías hasta el próximo 20 de julio ,http://www.eluniversal.com.mx/nacion/imss-aplaza-reapertura-de-guarderias-hasta-el-proximo-20-de-julio,eluniversal,www.eluniversal.com.mx,6,26
344cb502454b377dbe9c54d7206b18f6," En los primeros 19 días que operó Querétaro con semáforo naranja en materia epidemiológica, se dieron el 34% y 29% del total de las muertes y contagios, respectivamente, que se tienen cuantificados en los casi 4 meses de pandemia, revelan datos de la página de internet que abrió el gobierno del estado, en donde se almacena la información realtiva al Covid-19.","Nueva normalidad incrementa contagios y muertes por Covid-19, en Querétaro",https://www.eluniversalqueretaro.mx/portada/suben-casos-en-la-nueva-normalidad,eluniversal,www.eluniversalqueretaro.mx,6,26
8d4beb6d6080e7312a6b04e56e60b04b," La Universidad de Harvard planea que los cursos (pregrado y posgrado) para el año académico 2020-21 sean en línea. Los estudiantes aprenderán remotamente, vivan o no en el campus.",cuanto cuesta estudiar en la universidad de harvard 2020 2021,https://www.viveusa.mx/educacion/cuanto-cuesta-estudiar-en-la-universidad-de-harvard-2020-2021,eluniversal,www.viveusa.mx,5,14
e3a844da2cd6efe6af81290134292a7f,"La industria turística es uno los sectores más importantes de México pero también de los más golpeados durante el paso de la Covid-19. No sabemos cuándo llegara la vacuna, por eso, debemos aprender a vivir (y a viajar) con nuevas reglas que protejan nuestra salud y la de todos, porque unos dependemos de los otros.",Así podrían ser las vacaciones de los mexicanos en tiempos de Covid-19,http://www.eluniversal.com.mx/destinos/como-seran-las-vacaciones-de-los-mexicanos-en-tiempos-de-covid-19,eluniversal,www.eluniversal.com.mx,6,20
a5ae55365985637f0130922a126abcc6," El gobierno de Oaxaca, en coordinación con autoridades federales y municipales, comenzó oficialmente el censo de las casas que resultaron con daños tras el sismo de 7.4 grados que el pasado 23 de junio golpeó a la entidad, principalmente a las regiones Costa y Sierra Sur. ",Arranca Murat censo de viviendas afectadas en Oaxaca por sismo de 7.4 grados ,https://oaxaca.eluniversal.com.mx/municipios/05-07-2020/arranca-murat-censo-de-viviendas-afectadas-en-oaxaca-por-sismo-de-74-grados,eluniversal,oaxaca.eluniversal.com.mx,8,24
5a843af687024402a9c8e4c6be81357d,"Toda la fortuna amasada por Nemesio Oseguera Cervantes, ‘El Mencho’, por traficar drogas se debe a la red de lavado de dinero que estableció por todo el mundo el clan de hermanos González Valencia, conocidos como ‘Los Cuinis’.","‘Los Cuinis’, cuñados del ‘Mencho’, que están en prisión",http://www.unionjalisco.mx/articulo/2020/07/07/seguridad/los-cuinis-cunados-del-mencho-que-estan-en-prision,eluniversal,www.unionjalisco.mx,4,21
bebe996f5927072e655061faf9403c1a," Las calificaciones y certificados correspondientes al ciclo escolar 2019-2020, ya están disponibles y pueden consultarse a través de las páginas seslp.gob.mx, http://cpte.gob.mx/calificaciones/ y en la aplicación para celular Calificaciones SLP, informó su titular Joel Ramírez Díaz, quien precisó que en ambos casos es un trámite completamente gratuito. ",Ofrece la SEGE consulta de boleta de calificaciones y certificados a través de celular e internet,https://sanluis.eluniversal.com.mx/sociedad/22-06-2020/ofrece-la-sege-consulta-de-boleta-de-calificaciones-y-certificados-traves-de,eluniversal,sanluis.eluniversal.com.mx,9,26
b9c7d2484ca1b286493115c2e1dc31e8," Juchitán de Zaragoza.— En tan sólo 10 días murieron 47 personas en Juchitán, de acuerdo con la Regiduría de Parques y Panteones del Ayuntamiento y los registros que llevan de los sepelios en los cuatro panteones existentes en esta ciudad. ",Mueren de 3 a 7 personas al día en Juchitán; el domingo sepultaron 9,https://oaxaca.eluniversal.com.mx/municipios/07-07-2020/mueren-de-3-7-personas-al-dia-en-juchitan-el-domingo-sepultaron-9,eluniversal,oaxaca.eluniversal.com.mx,6,19
e9f3fd63f6447a010055b9c3593dc237,"En medio de la pandemia del coronavirus, Aston Martin ha reactivado sus actividades en su fábrica de Inglaterra, y lo hicieron con la producción de un vehículo especial que regresará luego de 55 años de haber nacido. ",El auto de James Bond volverá a la vida luego de 55 años ,http://www.eluniversal.com.mx/autopistas/aston-martin-volvera-fabricar-el-mitico-db5-de-james-bond,eluniversal,www.eluniversal.com.mx,7,18
2d36cda8af60861093d186105e814f98,Aún en el siglo XXI hay gente a la que le cuesta creer que a las chicas también puede gustarles el futbol como a los hombres. Pero la influencer Karla Arriola demuestra que tiene más pasión por el Club América que cualquier otro aficionado del equipo.,karla arriola la bella influencer americanista,https://de10.com.mx/top-10/karla-arriola-la-bella-influencer-americanista,eluniversal,de10.com.mx,5,21
62bdc9546932cf8104d59b7452e45147," El presidente de la mesa Directiva del Congreso del Estado, diputado Martín Juárez Córdova aseguró que hasta el momento no se ha recibido oficialmente ninguna comunicación del diputado Pedro César Carrizales Becerra para notificar una ausencia temporal o definitiva de su encargo.",“El Mijis” no ha solicitado retirarse de la diputación: Congreso de SLP,https://sanluis.eluniversal.com.mx/politica/06-07-2020/el-mijis-no-ha-solicitado-retirarse-de-la-diputacion-congreso-de-slp,eluniversal,sanluis.eluniversal.com.mx,6,24
f2dba651f8fdfa51e00ed0a3043d69df,Parece que poco a poco se va viendo la luz al final del túnel en eso del calendario del Apertura 2020.,Estos equipos jugarán el primer lunes por la noche del Apertura 2020,http://www.eluniversal.com.mx/universal-deportes/futbol/liga-mx-estos-equipos-jugaran-el-primer-lunes-por-la-noche-del-ap2020,eluniversal,www.eluniversal.com.mx,6,8
1670243f0b3a804a3e651f543e0e1c47,"Ciudad Victoria.- El presidente municipal de Ciudad Madero, Adrián Oseguera Kernion, confirmó que un bebé murió por Covid-19 en un hospital.",Confirman defunción de bebé por Covid-19 en Tamaulipas,http://www.eluniversal.com.mx/estados/confirman-defuncion-de-bebe-por-covid-19-en-tamaulipas,eluniversal,www.eluniversal.com.mx,4,12
9af16dba8ed848b13689dd4b1b0d8c17,"Integrantes de la familia LeBarón viajaron a Estados Unidos esta tarde para manifestarse en los alrededores de la Casa Blanca, mientras el presidente de ese país, Donald Trump, se reunía con el titular del Ejecutivo federal mexicano, Andrés Manuel López Obrador.",Familia LeBarón se manifiesta durante visita de AMLO a Washington,https://www.eluniversal.com.mx/nacion/sociedad/lebaron-se-manifiestan-durante-visita-de-amlo-washington,eluniversal,www.eluniversal.com.mx,6,24
aa4f2fd9120e9b65a7614cf42b9375e4," Todos los mexicanos necesitan un pasaporte para viajar al extranjero por motivos de turismo, estudio o trabajo. Tener este documento vigente, será útil en un viaje planeado o imprevisto. ",documentos para tramitar el pasaporte mexicano por primera vez,https://www.viveusa.mx/educacion/documentos-para-tramitar-el-pasaporte-mexicano-por-primera-vez,eluniversal,www.viveusa.mx,6,16
a21499d2b0e5eaa02f7500a331651dab,"Toluca.– Unas ocho narcomantas fueron encontradas ayer sobre las principales avenidas de la Ciudad de Toluca, firmadas por el grupo de la delincuencia organizada La Familia Michoacana.",tapizan avenidas con ocho narcomantas amenazantes de la familia michoacana en edomex,https://www.elgrafico.mx/la-roja/tapizan-avenidas-con-ocho-narcomantas-amenazantes-de-la-familia-michoacana-en-edomex,eluniversal,www.elgrafico.mx,8,15
806953c3b38cd88d03980c3e9c00cdcf,"Culiacán.- Fue identificado como Enrique Romero Guzmán Rocha, sobrino de Joaquín Guzmán Loera “El Chapo”, el joven encontrado asesinado dentro de un vehículo Toyota Corolla, el cual fue localizado abandonado en una brecha que conduce a la comunidad de El Ranchito, a la salida sur de la capital del estado.","Matan a joven en Culiacán; lo identifican como sobrino de ""El Chapo""",http://www.eluniversal.com.mx/estados/matan-joven-en-culiacan-lo-identifican-como-sobrino-de-el-chapo,eluniversal,www.eluniversal.com.mx,6,26
e78910396dc54197301546cd77608dcf,"La realidad es que Cruz Azul se sigue viendo en buena forma. Su cuadro titular superó de inicio a fin a un Toluca que también sigue igual que en el campeonato anterior, con un tono gris, sin mucho que ofrecer.","Cruz Azul gana de nuevo, ahora elimina al Toluca",http://www.eluniversal.com.mx/universal-deportes/futbol/cruz-azul-gana-de-nuevo-ahora-elimina-al-toluca,eluniversal,www.eluniversal.com.mx,7,20
c6e7a62ee2de9ae6226f123310e4d5a3,#OpiniónExprés,La realidad alterna de AMLO y Trump,https://www.eluniversal.com.mx/opinion/carlos-heredia-zubieta/la-realidad-alterna-de-amlo-y-trump,eluniversal,www.eluniversal.com.mx,4,1
429b81968fb746c648461a743206a60b," Un buen cuidado de la piel y estilos de vida saludables ayudan a prevenir problemas dermatológicos y a retrasar el envejecimiento. ",5 consejos de dermatologos para lucir una piel radiante,https://www.viveusa.mx/bienestar/5-consejos-de-dermatologos-para-lucir-una-piel-radiante,eluniversal,www.viveusa.mx,5,12
97aa976b48de136c8a7c0a515bcd66fe," La Casa Blanca es el lugar donde viven los presidentes de Estados Unidos y tiene más de 200 años de historia. Fue el primer presidente, George Washington, quien seleccionó el sitio donde se construiría. En 1792 se eligió el diseño del arquitecto irlandés James Hoban y se colocó la “primera piedra”. ",fotos asi es el interior de los salones de la casa blanca,https://www.viveusa.mx/destinos/fotos-asi-es-el-interior-de-los-salones-de-la-casa-blanca,eluniversal,www.viveusa.mx,6,24
2f269fb2524f3f4cf082e838d5d6d7b3," Uno de los documentos más importantes para un automovilista es su licencia de conducir. Por lo tanto, es importante que la mantenga actualizada. Sin embargo, la contingencia por coronavirus ha puesto en pausa muchos servicios, trámites y otros aspectos de la vida diaria. Afortunadamente, el internet se ha convertido en una herramienta útil para hacerle frente a la situación que el mundo enfrenta actualmente. ",¿Cómo tramitar en línea la reposición de la licencia de conducir?,http://www.eluniversal.com.mx/techbit/como-tramitar-en-linea-la-reposicion-de-la-licencia-de-conducir,eluniversal,www.eluniversal.com.mx,5,29
bf78d4a2cef61130516e68e2f122d49f,"Una pequeña hoguera con restos de leña quemada, llantas, alambres y restos óseos, fue hallada a principios de diciembre en 2014 en la Barranca de la Carnicería, en el municipio de Iguala, Guerrero. La habían encontrado miembros de la Unión de Pueblos y Organizaciones del Estado de Guerrero, UPOEG.","La nueva “verdad histórica”, a 800 metros de la otra",https://www.eluniversal.com.mx/opinion/hector-de-mauleon/la-nueva-verdad-historica-800-metros-de-la-otra,eluniversal,www.eluniversal.com.mx,4,24
f628803337f96f87e84574c0a135e3ff," Oaxaca de Juárez.- La noche de este domingo, el Cabildo del Ayuntamiento de la capital aprobó, en sesión ordinaria, la reapertura de las actividades comerciales en el municipio, a partir de este lunes.",Estos son los comercios y la capacidad a la que pueden abrir al transitar la capital a naranja ,https://oaxaca.eluniversal.com.mx/estatal/06-07-2020/estos-son-los-comercios-y-la-capacidad-la-que-pueden-abrir-al-transitar-la,eluniversal,oaxaca.eluniversal.com.mx,7,15
1074bd6e1d9dd7447fc97ed21186f7a9,"La cafeína es un compuesto químico que se encuentra en diferentes bebidas como el té o el café, fue aislada en 1819 por el químico alemán Friedrich Ferdinand Runge; es el psicoestimulante más utilizado en todo el mundo, de hecho, se estima que más del 87 por ciento de la población de los Estados Unidos consume cierta cantidad de cafeína todos los días según informa la revista Neurología.",El consumo excesivo de cafeína podría estar vinculado con la migraña,http://www.eluniversal.com.mx/menu/la-migrana-podria-estar-vinculada-con-el-consumo-excesivo-de-cafeina,eluniversal,www.eluniversal.com.mx,6,31
42adbb3498ea63450a642eff92241540," Querétaro, Querétaro.-","Con largas filas y restricciones, abren el mercado de Las Flores ",https://www.eluniversalqueretaro.mx/portada/retonan-abren-el-mercado-de-las-flores,eluniversal,www.eluniversalqueretaro.mx,6,1
4a8c43207806a4e34f1d5ffe38098396," Fuertes lluvias con presencia de granizo se registró la tarde - noche de este martes en la Zona Metropolitana de Querétaro, dejando algunas zonas y colonias inundadas del poniente y norte de la capital del estado.",Lluvias dejan inundaciones en algunas zonas de la capital queretana,https://www.eluniversalqueretaro.mx/metropoli/lluvias-dejan-inundaciones-en-algunas-zonas-de-la-capital-queretana,eluniversal,www.eluniversalqueretaro.mx,6,18
d4683c897b6377ead0ebd90c1b60a29e,"Hay papeles especiales en la carrera de cada actor y para Shelley Duvall su trabajo junto a Stanley Kubrick y Jack Nicholson en El Resplandor, marcaría su vida y casi le costaría su cordura.",shelley duvall y el tormento que vivio al filmar el resplandor,https://de10.com.mx/top-10/shelley-duvall-y-el-tormento-que-vivio-al-filmar-el-resplandor,eluniversal,de10.com.mx,6,19
6d23129583d72f896daa65ebdf27c051,"En Washington, el presidente Andrés Manuel López Obrador ""extinguió la hostilidad"", dijo el líder de la mayoría en el Senado, Ricardo Monreal Ávila"", y colocó la relación binacional ""en su mejor momento"".","AMLO “extinguió la hostilidad” en Washington, dice Monreal",http://www.eluniversal.com.mx/nacion/politica/monreal-amlo-extinguio-la-hostilidad-en-washington,eluniversal,www.eluniversal.com.mx,6,20
667e64899554d0452cc7911371c49090,"El embajador de Estados Unidos en México, Christopher Landau, reveló que el lunes su país respondió a la nota diplomática emitida por el gobierno de México por el operativo ""Rápido y Furioso"".","EU responde a nota diplomática de México por ""Rápido y Furioso""",http://www.eluniversal.com.mx/nacion/politica/rapido-y-furioso-eu-responde-nota-diplomatica-de-mexico,eluniversal,www.eluniversal.com.mx,7,17
2d1db9abf38ff247ff982eaa4eed37c0,El primer encuentro cara a cara entre Andrés Manuel López Obrador y Donald Trump fue de un pragmatismo total de ambos mandatarios que metieron bajo la alfombra toda tensión histórica o personal para lanzarse elogios mutuos —o mutual admiration en inglés— y declararse uno al otro los “mejores amigos” e impulsores de la transformación en sus respectivos países.,Amistades peligrosas y elogios mutuos,https://www.eluniversal.com.mx/opinion/salvador-garcia-soto-expres/amistades-peligrosas-y-elogios-mutuos,eluniversal,www.eluniversal.com.mx,4,33
f081155f51413ae9124c6686f034823a,"El presidente de Estados Unidos, Donald Trump, defendió este miércoles la alianza con México, a cuyo mandatario, Andrés Manuel López Obrador, calificó de una “gran persona”.","“AMLO es una gran persona, es un honor tenerlo con nosotros”: Trump",http://www.eluniversal.com.mx/mundo/amlo-es-una-gran-persona-es-un-honor-tenerlo-con-nosotros-trump,eluniversal,www.eluniversal.com.mx,6,17
879b33abfbd46ca2cfbcc17bac0bebfb,"En el día 38 desde que comenzó la “nueva normalidad”, México reportó 275 mil 003 casos positivos a Covid-19, 6 mil 995 más que ayer, así como 32 mil 796 defunciones, un incremento de 782 con respecto al día anterior. ","México, con nuevo máximo de casos por Covid; suma 275 mil",http://www.eluniversal.com.mx/nacion/sociedad/coronavirus-8-de-julio-mexico-con-nuevo-maximo-de-casos-por-covid-suma-275-mil,eluniversal,www.eluniversal.com.mx,7,18
8bb2a67605d86d8994259e5821ddcf1b," Washington.— El presidente Andrés Manuel López Obrador sostendrá este miércoles su primer encuentro presencial con su homólogo de Estados Unidos, Donald Trump, en medio de la contienda electoral en la que el republicano busca mantenerse en la Casa Blanca.","AMLO y Trump, cara a cara hoy en EU",http://www.eluniversal.com.mx/nacion/amlo-y-trump-cara-cara-hoy-en-eu,eluniversal,www.eluniversal.com.mx,6,22
30b77a124b2360b3387b5d02e7f0fa49," La Fiscalía General de Oaxaca (FGEO) informó que elementos de esta instancia de procuración de justicia aprehendieron este viernes al presunto feminicida de María Concepción, adolescente de 17 años que fue asesinada junto Alexander, su bebé de un año y 10 meses, en Ejutla de Crespo.",Detiene Fiscalía a presunto feminicida de María y su bebé,https://oaxaca.eluniversal.com.mx/seguridad/03-07-2020/detiene-fiscalia-presunto-feminicida-de-maria-y-su-bebe,eluniversal,oaxaca.eluniversal.com.mx,6,25
c82231cdf63e229e94bddfc1b3718f3c,"  El presidente de México, Andrés Manuel López Obrador, estará acompañado por once empresarios de su país, incluido el multimillonario Carlos Slim, en la cena que su homólogo estadounidense, Donald Trump, le ofrecerá el miércoles durante su visita a Washington, reveló este martes la cancillería. ",quienes son los empresarios que acompanan amlo washington,https://www.viveusa.mx/noticias/quienes-son-los-empresarios-que-acompanan-amlo-washington,eluniversal,www.viveusa.mx,4,26
1adfffe5d636626c3219f40abcc52770,"César Arturo fue asesinado frente a su casa, y ante su esposa, por dos hombres que le robaron una motoneta. Aunque no se opuso a entregar el vehículo, sí se resistió a dar su celular y el de su pareja, además de una mochila.",asaltan y acribillan policia frente su casa y ante su esposa en iztapalapa,https://www.elgrafico.mx/la-roja/asaltan-y-acribillan-policia-frente-su-casa-y-ante-su-esposa-en-iztapalapa,eluniversal,www.elgrafico.mx,7,20
c70f84f8e675872e5231b9a401182dbf,"Omar Gómez Trejo, titular de la Unidad Especial de Investigación y Litigación del Caso Ayotzinapa, informó que esta tarde fueron identificados los restos de Christian Alfonso Rodríguez Telumbre, uno de los 43 normalistas de Ayotzinapa desaparecidos en 2014.","¿Quién era Christian Alfonso Rodríguez, normalista de Ayotzinapa? ",http://www.eluniversal.com.mx/nacion/quien-era-christian-alfonso-rodriguez-normalista-de-ayotzinapa,eluniversal,www.eluniversal.com.mx,5,21
424152051d3f9365fad452a1d74931dc,El gobierno del Estado de México a través de la Subsecretaría de Educación Básica informó el día que se entregarán los útiles escolares para el ciclo escolar 2020-2021.,Útiles escolares Edomex 2020-2021: Cuándo se entregan ,http://www.unionedomex.mx/articulo/2020/07/03/educacion/utiles-escolares-edomex-2020-2021-cuando-se-entregan,eluniversal,www.unionedomex.mx,5,13
ffbc277be0d4f74ef1f32f8742af6165,"El 8 de julio de 1985, Madonna apareció desnuda en las páginas de las revistas para adultos Playboy y Penthouse. En ese momento la “reina del pop” gozaba de uno de los mejores momentos en su carrera tras publicar Like a Virgin (1984), pero aquellas publicaciones significaron todo un escándalo para ella. Aquí en De10.mx te contamos los detalles…",la historia de las polemicas fotos de madonna con playboy y penthouse,https://de10.com.mx/top-10/la-historia-de-las-polemicas-fotos-de-madonna-con-playboy-y-penthouse,eluniversal,de10.com.mx,6,26
87348102053c034a5df5fcf335d75703,"En su cuenta de Twitter Patricia Armendáriz, CEO de Financiera Sustentable y única mujer empresaria que fue invitada a la cena que esta noche ofreció el presidente de Estados Unidos Donald Trump, compartió algunas fotografías del encuentro. ",Empresaria invitada de AMLO comparte fotos de cena de gala con Trump,http://www.eluniversal.com.mx/nacion/amlo-empresaria-invitada-comparte-fotos-de-cena-de-gala-con-trump,eluniversal,www.eluniversal.com.mx,8,21
7cd05c49b1bdd9bf33fabff94eeaf258," Ayer estaban tan contentos en la Casa Blanca por la visita del presidente mexicano, Andrés Manuel López Obrador, que de tanta emoción escribieron mal el nombre del mandatario mexicano, y amigo del presidente Donald Trump, en la declaración oficial de Oficina de la Secretaria de Prensa. “Andres Manel López Obrador”, escribió la secretaria de Prensa de la casa presidencial estadounidense en la que se da cuenta de la visita de AMLO a Estados Unidos. Todos consideran que se trató de un error, sin embargo, algunos en tono broma dicen que se puede tratar de una especie de acto de reciprocidad por parte de la Casa Blanca, pues el presidente López Obrador nunca dice de manera correcta el apellido de don Donald. Sin embargo, es más fuerte el intercambio de halagos que se dispensan los dos presidentes, que lo de menos es la manera en que se escriban o pronuncien sus nombres.",Venganza de la Casa Blanca,https://www.eluniversal.com.mx/opinion/periodistas-el-universal/venganza-de-la-casa-blanca,eluniversal,www.eluniversal.com.mx,3,81
747d76e955daf84433474b2bdbd33772,"En imágenes que difundió la Presidencia de la República, se observa que el presidente Andrés Manuel López Obrador entregó a Donald Trump, un bat decorado con arte huichol.",AMLO y Trump intercambian bates de beisbol en la Casa Blanca,http://www.eluniversal.com.mx/nacion/politica/amlo-y-trump-intercambian-bates-de-beisbol,eluniversal,www.eluniversal.com.mx,7,17
47279c1463894fe66f4ca90e5e0f496a,Curvy Zelma saltó a la fama después de ganar Este es mi Estilo en 2019.,"Curvy Zelma, de Venga la Alegría a Survivor México 2020",http://www.unionyucatan.mx/articulo/2020/07/05/espectaculos/curvy-zelma-de-venga-la-alegria-survivor-mexico-2020,eluniversal,www.unionyucatan.mx,6,7
3973e1be139e94093830ee3eee7d8b78,"Triste, desangelado, apagado, gris, cualquier adjetivo es válido cuando el futbol no tiene gente en los estadios. Cuando veíamos el regreso de los grandes torneos en Europa con la Bundesliga, La Liga, la Premier League o la Serie A, probablemente no dimensionamos lo que sería un partido sin aficionados.",La soledad y desánimo en el Pumas vs América,https://www.eluniversal.com.mx/opinion/gerardo-velazquez-de-leon/la-soledad-y-desanimo-en-el-pumas-vs-america,eluniversal,www.eluniversal.com.mx,5,24
72b6673a78539a1cca5a3e37df3fcb47,Tigres y Gignac despiertan en la Copa por México para derrotar al Guadalajara.,Tigres derrota a Chivas en la Copa por México,http://www.eluniversal.com.mx/universal-deportes/futbol/chivas-vs-tigres-en-vivo-copa-por-mexico,eluniversal,www.eluniversal.com.mx,5,7
0cff49d667915c54deb4699567418478,"El mexicano Hirving Lozano le dio un triunfo por 2-1 este miércoles al Nápoles en el campo del Génova con un gol marcado a los tres minutos de saltar al campo, el cuarto de su temporada en la Serie A. ",Chucky Lozano entra de cambio y le da el triunfo al Nápoli,http://www.eluniversal.com.mx/universal-deportes/futbol/chucky-lozano-entra-de-cambio-y-le-da-el-triunfo-al-napoli,eluniversal,www.eluniversal.com.mx,7,18
d861c6b3f5549835736dfcaa98dd5379,"Washington DC.- Esta mañana y por segunda ocasión en la presente administración federal, personas que se identifican como seguidores del presidente Andrés Manuel López Obrador agredieron verbalmente a Irving Pineda, reportero de Tv Azteca, cuando el Ejecutivo federal había depositado una ofrenda floral al monumento de Benito Juárez en la capital estadounidense.",Simpatizantes de AMLO agreden al reportero Irving Pineda en Washington,http://www.eluniversal.com.mx/nacion/simpatizantes-de-amlo-agreden-reportero-irving-pineda-en-washington,eluniversal,www.eluniversal.com.mx,7,32
3e1b1c467e898bbe59fbe843ff41b20d,"Un juez federal ordenó liberar a José Ángel Casarrubias Salgado “El Mochomo”, implicado en la desaparición de los 43 normalistas de Ayotzinapa, y a pesar de ello permanecerá arraigado.","Juez ordena liberar a ""El Mochomo"", pero permanecerá arraigado ",https://www.eluniversal.com.mx/nacion/mochomo-juez-ordena-liberar-lider-de-guerreros-unidos,eluniversal,www.eluniversal.com.mx,6,17
33e61eb508b7cfb4b97c9d06b8beb371,"Sabemos que ya se antoja muchísimo pasar un día en familia chapoteando en una alberca, lanzándose de un tobogán o tomando el sol en un área verde. Y, aunque el avance es pausado y es necesario seguir al pie de la letra los nuevos protocolos sanitarios, algunos balnearios ya están recibiendo sus primeros visitantes.",Cuándo abren los balnearios y parques acuáticos cercanos a CDMX ,http://www.eluniversal.com.mx/destinos/cuando-abren-los-balnearios-y-parques-acuaticos-cercanos-cdmx,eluniversal,www.eluniversal.com.mx,7,28
9e90a2afeceb44c41b9896a03807bb95,"En la Ciudad de México se han contabilizado 7 mil 69 defunciones a causa del coronavirus; la mayoría se dedicaba a labores del hogar, eran choferes y comerciantes, principalmente, que representan sectores vulnerables.","Amas de casa, empleados y comerciantes, entre los 7 mil muertos por Covid en CDMX",http://www.eluniversal.com.mx/metropoli/amas-de-casa-empleados-y-comerciantes-entre-los-7-mil-muertos-por-covid-en-cdmx,eluniversal,www.eluniversal.com.mx,8,17
fb1709889d2ebed039f81bc2d01b511a,"El gobierno de la Ciudad de México instaló internet gratuito en el Aeropuerto Internacional de la Ciudad de México, donde se podrán conectar, a partir del 13 de julio, alrededor de 8 mil personas simultáneamente de manera gratuita, informó el titular de la Agencia Digital de Innovación Pública, José Antonio Peña Merino.   Explicó que no habrá restricciones de contenido, excepto listas negras; no habrá un límite de tiempo: y el ancho de banda será entre 3 y 5 mbps por usuario para carga y descarga de información.",Instalan internet gratuito en el Aeropuerto de la CDMX,http://www.eluniversal.com.mx/metropoli/cdmx/instalan-internet-gratuito-en-el-aeropuerto-de-la-cdmx,eluniversal,www.eluniversal.com.mx,5,45
e9455426eb664bd352b7a7e59a9b548f,"Ricardo Salinas Pliego, presidente de Grupo Salinas, festejó la entrada en vigor del nuevo T-MEC y aseguró que el libre comercio permite que la gente compre lo que mejor le convenga.",Salinas Pliego celebra desde Washington inicio del T-MEC,http://www.eluniversal.com.mx/cartera/negocios/salinas-pliego-celebra-desde-washington-inicio-del-t-mec,eluniversal,www.eluniversal.com.mx,5,18
88a9a38988ec3b2f1ddf9442a863b9e7,"Antes de ser juzgado y sentenciado en los Estados Unidos, los rumores de problemas de salud de Joaquín ‘El Chapo’ Guzmán Loera eran constantes, incluso a finales del 2013 se filtró información que sufrió un paro cardiaco parcial a mediados de noviembre, por lo cual, se internó, con una identidad falsa, en un hospital privado de Jalisco.",‘El Chapo’ y sus enfermedades,http://www.unionjalisco.mx/articulo/2020/07/02/viral/el-chapo-y-sus-enfermedades,eluniversal,www.unionjalisco.mx,2,28
b29eaafb7c9b0b53b8c268861405a4f4," Hailey Bieber disfruta de una escapada veraniega a la playa con su esposo Justin Bieber, y en redes sociales no ha dejado pasar la oportunidad de presumir algunos detalles. ",hailey bieber delinea su figura con vestido de paneles descubiertos,https://www.viveusa.mx/showbiz/hailey-bieber-delinea-su-figura-con-vestido-de-paneles-descubiertos,eluniversal,www.viveusa.mx,7,16
2bed340a3b668375aab20616f3473236,"La Secretaría de Educación Pública (SEP), a través de la Autoridad Educativa Federal en la Ciudad de México (AECFM), informó que a partir del 6 de julio se pueden consultar las boletas de calificaciones y certificados electrónicos del ciclo escolar 2019-2020.",AECFM: Consulta de boletas de calificaciones y certificados CDMX,http://www.unioncdmx.mx/articulo/2020/07/07/educacion/aecfm-consulta-de-boletas-de-calificaciones-y-certificados-cdmx,eluniversal,www.unioncdmx.mx,6,22
0f954c39dd111cde3c39137b8bc578f5,"Un hombre acusado de acosar desnudo a mujeres en calles de la alcaldía Azcapotzalco, en la Ciudad de México, fue detenido la tarde de este miércoles en la colonia El Recreo.",atoran hombre que atacaba desnudo jovenes mujeres en la alcaldia azcapotzalco,https://www.elgrafico.mx/la-roja/atoran-hombre-que-atacaba-desnudo-jovenes-mujeres-en-la-alcaldia-azcapotzalco,eluniversal,www.elgrafico.mx,8,15
11900a240bd257e48d4bd4225f679e40,"Ante la polémica encabezada por Miguel Herrera, entrenador del América, al no querer portar un cubrebocas durante la Copa por México, las autoridades de Salud solicitan que las figuras de la Liga MX sirvan de buen ejemplo y no de lo contrario.",Secretaría de Salud envía mensaje a Miguel Herrera por no usar cubreboca,http://www.eluniversal.com.mx/universal-deportes/futbol/secretaria-de-salud-envia-mensaje-miguel-herrera,eluniversal,www.eluniversal.com.mx,8,21
43ddf70feeb7696b7dbad9a430e9e772,"Al almacenar correctamente tus alimentos, puedes mantener tus productos frescos durante más tiempo, reducir el desperdicio de comida y ahorrarte dinero al conservarlos por un periodo extendido, señala la organización Food Revolution Network.",Evita estos errores al guardar los alimentos en el refrigerador ,http://www.eluniversal.com.mx/menu/errores-comunes-al-guardar-los-alimentos-en-el-refrigerador,eluniversal,www.eluniversal.com.mx,5,21
dd50b222b13baeef778f99b9cd18bdd8,"Lori Faith es una chica  famosa  en redes sociales por experimentar con su cabello. Ha hecho cosas extremas, pero ninguna como aquella en la que se quedó calva en plena transmisión en vivo. Aquí en De10.mx te contamos los detalles.",influencer se queda calva durante transmision en vivo,https://de10.com.mx/cultura-digital/influencer-se-queda-calva-durante-transmision-en-vivo,eluniversal,de10.com.mx,5,21
4dcda3ad239df0ce4dbddbe3bff0c7db,"El mantener nuestro rostro oculto detrás de un cubrebocas es sin duda algo que puede resultar un tanto incómodo, pero ante la situación sanitaria que atravesamos actualmente es la única opción de mantenernos a salvo, hasta hora.",Preparan lanzamiento de cubrebocas transparente e inteligente,http://www.eluniversal.com.mx/de-ultima/crean-cubrebocas-inteligente-y-transparente,eluniversal,www.eluniversal.com.mx,5,18
ad08cab268059b91de809fb7137ae08a,"MEDELLÍN.- Eros, de ocho años, trota por las calles de Medellín varias veces al día con una cesta de paja en su hocico, llevando verduras, frutas y comida empacada a los clientes del mercado El Porvenir. El perro labrador color chocolate es recompensado con meriendas y masajes en su peluda cabeza.",Perro ayuda a tienda en Colombia a mantener distancia social,http://www.eluniversal.com.mx/mundo/coronavirus-perro-ayuda-tienda-en-colombia-mantener-distancia-social,eluniversal,www.eluniversal.com.mx,7,29
52b04d34c9dbe0dad19f37b0c5dca1f3,"El Departamento de Justicia de Estados Unidos dio a conocer a la Embajada de México en Washington la captura César Duarte Jáquez, exgobernador de Chihuahua (2010-2016), en Florida.","Detienen a César Duarte, exgobernador de Chihuahua, en Florida",http://www.eluniversal.com.mx/nacion/detienen-cesar-duarte-exgobernador-de-chihuahua-en-eu,eluniversal,www.eluniversal.com.mx,6,15
c472cbaaa14bc66893aa73b1c8240b82,"Chihuahua.- Con banderas de México y de justicia para Chihuahua, cartulinas y hasta encendiendo un asador en la vía pública, decenas de ciudadanos se sumaron al festejo por la detención del exgobernador César Duarte Jáquez.","Con caravana y hasta asador, celebran en Chihuahua detención de Duarte",http://www.eluniversal.com.mx/estados/con-caravana-chihuahuenses-celebran-detencion-de-cesar-duarte,eluniversal,www.eluniversal.com.mx,6,18
e401b06d5b1e44c42b2e2fde2a125655," Unas mujer se volvió viral luego de ser filmada mientras gritaba “las vidas de los blancos son mejores” y “las vidas de los blancos importan”, durante una protesta del movimiento Black Lives Matter en el estado de Tennessee. ",despiden mujer por gritar las vidas blancas son mejores en eu,https://www.viveusa.mx/noticias/despiden-mujer-por-gritar-las-vidas-blancas-son-mejores-en-eu,eluniversal,www.viveusa.mx,7,21
98ede404bfb06bb25b80c2d9adf6ec0c,"Si el semáforo epidemiológico lo permite, la segunda edición del Tianguis Nacional de Pueblos Mágicos será en la ciudad de San Luis Potosí, en las instalaciones de la Feria Nacional Potosina. Así lo anunció el secretario de Turismo federal, Miguel Torruco Marqués.    Inicialmente, se tenía planeado que este evento se hiciera en octubre, pero debido a la pandemia y como medida de seguridad hubo un cambio de fechas y ahora se llevaría a cabo del 26 al 29 de noviembre. “La realización del evento turístico es muy factible sin descuidar las medidas de la nueva normalidad”, comentó el subsecretario de Salud Hugo López Gatell. ",Cuándo y dónde será el Tianguis Nacional de Pueblos Mágicos,http://www.eluniversal.com.mx/destinos/cuando-y-donde-sera-el-tianguis-nacional-de-pueblos-magicos,eluniversal,www.eluniversal.com.mx,6,55
85690e9a112a53c9068ceb71ac2f3602,"Todos los beneficiarios del programa Mi Beca para Empezar, que tengan la necesidad de realizar un trámite de reposición, no han recibido su vale electrónico, necesitan editar datos de escuela, editar datos de contacto como teléfono/email o se registraron antes del 30 de abril y no tienen ningún depósito desde entonces, deben solicitar una cita para atención ciudadana través de www.registromibeca.com/Cita/Solicitud.",Mi Beca para Empezar CDMX 2020: ¿Cómo agendar citas en Fidegar?,http://www.unioncdmx.mx/articulo/2020/07/06/educacion/mi-beca-para-empezar-cdmx-2020-como-agendar-citas-en-fidegar,eluniversal,www.unioncdmx.mx,6,29
aeabce41a649a07d0ba05e16a342aaca,"Recordemos que el estreno de la serie The Umbrella Academy lo vivimos el 15 de febrero de 2019, cuando conocidos a siete humanos extraordinarios, quienes nacieron el 1 de octubre de 1989, y quienes regresarán en su segunda temporada este 31 de julio de 2020, con la misión de impedir el fin del mundo.",umbrella academy ya llego el trailer oficial de la segunda temporada,https://de10.com.mx/top-10/umbrella-academy-ya-llego-el-trailer-oficial-de-la-segunda-temporada,eluniversal,de10.com.mx,7,22
d71c86ea7ae9c1478c32167e25ceef79,"Esmeralda Pimentel es sin duda uno de los rostros más bellos que hay actualmente en la televisión mexicana, por lo que su carrera va en ascenso constante, pero Pimentel también tiene un gran carisma y empatía con su público.",esmeralda pimentel queda desnuda para que sus fans vean la belleza de todas partes,https://www.elgrafico.mx/espectaculos/esmeralda-pimentel-queda-desnuda-para-que-sus-fans-vean-la-belleza-de-todas-partes,eluniversal,www.elgrafico.mx,9,17
cf6530bfe2034200498c40c15899ef69," Anastasia Karanikolaou, la mejor amiga de la empresaria Kylie Jenner, lució su belleza al compartir un par de fotografías con sus seguidores de Instagram. ",la amiga de kylie jenner luce cintura diminuta con crop top ajustado,https://www.viveusa.mx/showbiz/la-amiga-de-kylie-jenner-luce-cintura-diminuta-con-crop-top-ajustado,eluniversal,www.viveusa.mx,9,14
9b397574c5d385616e227ba042e9005d,Puebla.- La mayoría de diputados de Morena y sus aliados en Puebla aprobaron una reforma constitucional para eliminar el fuero de servidores públicos y representantes populares.,Aprueban eliminación de fuero para servidores públicos en Puebla,http://www.eluniversal.com.mx/estados/aprueban-eliminacion-de-fuero-para-servidores-publicos-en-puebla,eluniversal,www.eluniversal.com.mx,6,14
f22dcebba725761ddfe9298959258424,"Con el fin de promover un comportamiento más ordenado y una mayor efectividad de la política monetaria, Banco de México (Banxico) dio a conocer esta noche ajustes en su operación en el mercado de fondeo interbancario.   Las nuevas medidas se reflejarán en el costo del financiamiento o rendimiento del depósito de las instituciones que participan en las subastas de mercado abierto (OMA) a plazo que celebren con el banco central y que sirven de instrumento para proveer o retirar liquidez del sistema.   Esto permitirá una distribución más uniforme de la liquidez a lo largo del tiempo, evitando con ello presiones y volatilidad innecesaria en el mercado de fondeo.   Al mismo tiempo, agregó, favorecerá que haya un comportamiento más ordenado de los mercados financieros de nuestro país.",Banxico anuncia ajustes en su operación en mercado de fondeo interbancario,http://www.eluniversal.com.mx/cartera/finanzas/banxico-anuncia-ajustes-en-su-operacion-en-mercado-de-fondeo,eluniversal,www.eluniversal.com.mx,7,64
94a4dd34ae33108221d027ec5e8fcea4,"  El presidente de EE.UU., Donald Trump, propuso este martes reabrir las escuelas en el país a partir de otoño, mientras el país avanza hacia los tres millones de contagiados por la COVID-19 y supera los 130.000 fallecidos a causa de la pandemia. ",covid 19 trump espera reabrir escuelas de eu en otono,https://www.viveusa.mx/noticias/covid-19-trump-espera-reabrir-escuelas-de-eu-en-otono,eluniversal,www.viveusa.mx,7,21
540d4cfbf8245ffaa8bf52756a1f8478," Luego de que el sector comercial atravesara por una caída en ventas por permanecer dos meses cerrado, ahora debe hacer frente a cuantiosas inversiones para lograr ser parte de la reactivación económica, acatando medidas sanitarias.",Locales del Centro de SLP gastan hasta 5 mil pesos en materiales contra Covid-19: Consejo,https://sanluis.eluniversal.com.mx/cartera/18-06-2020/locales-del-centro-de-slp-gastan-hasta-5-mil-pesos-en-materiales-contra-covid-19,eluniversal,sanluis.eluniversal.com.mx,8,24
f78138be32817c2aad78e22eed2f31b4,"El Servicio de Administración Tributaria (SAT) puso en la lista negra definitiva a 75 factureros que no presentaron pruebas para acreditar su inocencia por los señalamientos de uso de comprobantes apócrifos para amparar operaciones simuladas.   En dos oficios emitidos por el brazo fiscal de la Secretaría de Hacienda y Crédito Público (SHCP) se da a conocer el nuevo estatus a los contribuyentes que antes estaban en la lista de presuntos factureros.   La primera lista, con un total de cinco contribuyentes, la encabeza la firma Abira & Saffi Corporativo de Querétaro, seguida de las personas físicas: Alicio Gener Chi Yam, Luz María López y Ricardo Javier Vega Borges, todas de Quintana Roo. Así como Ignacio Solís Pérez de Guerrero.",SAT actualiza lista negra definitiva con 75 factureros,http://www.eluniversal.com.mx/cartera/sat-actualiza-lista-negra-definitiva-con-75-factureros,eluniversal,www.eluniversal.com.mx,6,71
9b988aaf39d70713df31c2daaaed9748,Serrath es una de las participantes de Survivor México 2020.,"Serrath en Survivor México 2020, deja Enamorándonos",http://www.unionyucatan.mx/articulo/2020/07/05/espectaculos/serrath-en-survivor-mexico-2020-deja-enamorandonos,eluniversal,www.unionyucatan.mx,5,4
7036255e559f8f4056a63e61c630f2cd,"Habrá que ver si Adalid Maganda no se metió en otro problema. El árbitro acapulqueño, quien en alguna ocasión acusó a Arturo Brizio, presidente de la Comisión de Árbitros y Jorge Gasso, exasesor, de haberlo ofendido por ser de raza negra, realizó un acto de protesta antes de iniciar el juego entre Cruz Azul y Toluca.",La protesta de Adalid Maganda en apoyo al ‘Black Lives Matter’,http://www.eluniversal.com.mx/universal-deportes/futbol/adalid-maganda-protesta-en-apoyo-al-black-lives-matter,eluniversal,www.eluniversal.com.mx,7,32
e2f4d055a9ee045be09e1dba79960515,A casi dos semanas de que inició el registro en Bienestar Azteca todavía hay muchos beneficiarios de las Becas Benito Juárez de nivel medio superior que no pueden realizar su registro con éxito.," Bienestar Azteca, lo que debes saber del registro e iniciar sesión",http://www.unionjalisco.mx/articulo/2020/07/07/educacion/bienestar-azteca-lo-que-debes-saber-del-registro-e-iniciar-sesion,eluniversal,www.unionjalisco.mx,7,19
ce8d071a76659514324706cd943a323f,"Si eres vegano o simplemente quieres aprender a preparar unos exquisitos brownies veganos, sigue leyendo porque en Menú te enseñaremos la receta para que no te quedes con el antojo. ",Brownies veganos fáciles de preparar,http://www.eluniversal.com.mx/menu/receta-para-preparar-brownies-veganos,eluniversal,www.eluniversal.com.mx,4,16
91b7c7449c9647bb5e39133f23bd3ff3,"Aunque aún falta mucho para conocer el verdadero impacto del coronavirus en el cuerpo, estudios recientes demuestran que esta enfermedad puede tener secuelas en el hígado, riñones e intestino.",los efectos secundarios del coronavirus en el cuerpo,https://de10.com.mx/vivir-bien/los-efectos-secundarios-del-coronavirus-en-el-cuerpo,eluniversal,de10.com.mx,4,18
f1bf8c3a4f4e1c6f431119382082d90b,"CDMX.—En un departamento de Iztapalapa mataron a balazos a dos hombres y una mujer. Vecinos de la unidad habitacional denunciaron a dos hombres, que fueron detenidos.",nueve hombres armados masacran tres personas en departamento de iztapalapa,https://www.elgrafico.mx/la-roja/nueve-hombres-armados-masacran-tres-personas-en-departamento-de-iztapalapa,eluniversal,www.elgrafico.mx,8,14
7054328f1445e1936258bbc7c3b376dd,"Al volver a clases, las escuelas públicas estarán obligadas a proveer gel anti-bacterial, jabón y agua a sus estudiantes, luego de la crisis por Coronavirus 2019; además, la asistencia a clases se organizará por orden alfabético de acuerdo con el apellido de los alumnos, para evitar conglomeraciones, advirtió la Secretaría de Educación Pública (SEP).","Presenta SEP a maestros, protocolo de regreso a clases en ""nueva normalidad""",http://www.eluniversal.com.mx/nacion/presenta-sep-maestros-protocolo-de-regreso-clases-en-nueva-normalidad,eluniversal,www.eluniversal.com.mx,8,29
b0f89aec7d64ed4ff6e67f73db1e2752,"Recientemente, las hermanas Kendall y Kylie Jenner lanzaron su primera y tan esperada colaboración de maquillaje Kendall x Kylie Cosmetics, la cual se agotó en cuestión de horas."," Según sus empleados, ¡Kendall y Kylie Jenner no pagan!",http://www.eluniversal.com.mx/de-ultima/kendall-y-kylie-jenner-acusadas-de-no-pagar-sus-empleados,eluniversal,www.eluniversal.com.mx,5,18
f62393b066899be57042dec135cf901f," Alrededor de las 3:00 horas de este miércoles 8 de julio fue localizado el cadáver de Mía Guadalupe, de apenas un año de edad, en la comunidad La Esperanza, Villa de Zaragoza. ",Localizan en La Esperanza cadáver de bebé reportada como desaparecida ,https://sanluis.eluniversal.com.mx/municipios/08-07-2020/localizan-en-la-esperanza-cadaver-de-bebe-reportada-como-desaparecida,eluniversal,sanluis.eluniversal.com.mx,6,14
625376ebc751e1e4582b8194836321d7,"La Secretaría de Educación Pública de Puebla (SEP), dio a conocer que a partir del 6 de julio, tutores y padres de familia podrán consultar los resultados del proceso de preinscripción para el ciclo escolar 2020-2021, y verificar en qué escuela deberán inscribir a las y los niños de nuevo ingreso, únicamente de educación básica.",SEP Puebla: Checa los resultados de las preinscripciones 2020-2021,http://www.unionpuebla.mx/articulo/2020/07/06/educacion/sep-puebla-checa-los-resultados-de-las-preinscripciones-2020-2021,eluniversal,www.unionpuebla.mx,5,29
6e21563e47bc36910e7747c6a232fa5f," La Universidad de Harvard y el Instituto Tecnológico de Massachusetts (MIT) anunciaron el miércoles la presentación de una demanda ante la justicia para anular la decisión del gobierno del presidente estadounidense, Donald Trump, de revocar las visas de estudiantes extranjeros que siguen cursos en línea debido al coronavirus.",harvard y el mit piden que se revoque decision sobre visas de estudiantes,https://www.viveusa.mx/noticias/harvard-y-el-mit-piden-que-se-revoque-decision-sobre-visas-de-estudiantes,eluniversal,www.viveusa.mx,7,27
9ce0a2f19d6c2accbe7d00ee29a2eef2,"Tijuana.- El gobernador de Baja California, Jaime Bonilla Valdez, reveló que luego de una prueba de anti cuerpos pudo confirmar que tuvo Covid-19 y, según los síntomas que presentó, fue en enero cuando ningún caso había sido detectado en México.","Bonilla dice que tuvo Covid en enero; se confirmó con prueba de anticuerpos, asegura",http://www.eluniversal.com.mx/estados/baja-california-jaime-bonilla-dice-que-tuvo-covid-19-en-enero-se-confirmo-con-prueba-de,eluniversal,www.eluniversal.com.mx,8,22
1337d3239f063d214567e231ae0402da,"Para muchas mujeres la cuarentena fue el pretexto perfecto para probar ese look alocado y arriesgado que quizá no te atreverías a lucir en un día normal en la oficina, sin embargo algunas otras han decidido dejar respirar a su cabellera y rostro viviendo sin tintes ni capas de maquillaje.",Las canas de Ivonne Montero encantan en Instagram,http://www.eluniversal.com.mx/de-ultima/ivonne-montero-luce-canas-en-cuarentena,eluniversal,www.eluniversal.com.mx,5,25
337a649c46c559e9c400d534320c7bf1," Juchitán de Zaragoza. - El Ayuntamiento de San Mateo del Mar, comunidad Ikoots, del Istmo de Tehuantepec en Oaxaca, confirmó la masacre de 15 habitantes indígenas como resultado de un conflicto político-electoral entre la cabecera municipal y otras comunidades. ",Confirman masacre de 15 ikoots en San Mateo del Mar por conflicto político-electoral ,https://oaxaca.eluniversal.com.mx/municipios/22-06-2020/confirman-masacre-de-15-ikoots-en-san-mateo-del-mar-por-conflicto-politico,eluniversal,oaxaca.eluniversal.com.mx,7,20
64b7ff44d71625e7c70755b9d0733b63,"Washington DC. El presidente Andrés Manuel López Obrador aseguró que fallaron los pronósticos de aquellos que pensaron que se pelearía con su homólogo de Estados Unidos, Donald Trump, porque son “amigos” y que lo seguirán siendo.","AMLO a Trump: “Fallaron los pronósticos, no nos peleamos, somos amigos""",http://www.eluniversal.com.mx/nacion/amlo-trump-fallaron-los-pronosticos-no-nos-peleamos-somos-amigos,eluniversal,www.eluniversal.com.mx,6,20
121022be4b53bf164c6e1e004ba17184," La actriz Margot Robbie fue captada por paparazzis mientras se dirigía a visitar a una amiga en Los Ángeles, California. ",margot robbie impacta con minivestido negro al estilo braless,https://www.viveusa.mx/showbiz/margot-robbie-impacta-con-minivestido-negro-al-estilo-braless,eluniversal,www.viveusa.mx,7,11
a90cd8a54749e8b5fe38501c4c12f748,"NICOLÁS ROMERO , Méx.- Cinco mujeres, cuatro de ellas jovencitas y niñas , fueron asesinadas esta noche dentro de un domicilio en El Gavillero, confirmaron autoridades de  la Fiscalía General de Justicia del Estado de México. ","Matan en Nicolás Romero a 5 mujeres, entre ellas niñas y jóvenes",http://www.eluniversal.com.mx/metropoli/edomex/matan-en-nicolas-romero-5-mujeres-entre-ellas-ninas-y-jovenes,eluniversal,www.eluniversal.com.mx,6,18
62559ef962a2e4cbe5d01c3009d293ec,"La Secretaría de Educación Pública (SEP) prevé que el próximo 10 de agosto sea el regreso a clases, con un curso remedial al que acudirán los alumnos de nivel básico.",Cubrebocas y caretas: Nueva Normalidad en la lista de útiles 2020,http://www.unionguanajuato.mx/articulo/2020/07/07/educacion/cubrebocas-y-caretas-nueva-normalidad-en-la-lista-de-utiles-2020,eluniversal,www.unionguanajuato.mx,6,15
2114159f8ec3ccbe2dc9f194caad1ec9,#OpiniónExprés,Los claroscuros de AMLO en Washington,https://www.eluniversal.com.mx/opinion/arturo-sarukhan/los-claroscuros-de-amlo-en-washington,eluniversal,www.eluniversal.com.mx,3,1
25d5ae4aad2e88750250a0a2e397c75e,"Si tu obsesión por la serie Dark, de Netflix, ha ido acrecentando desde que se estrenó su tercera y última temporada, tenemos que contarte algo que te gustará. El dueño de la casa que representó al hogar de Jonas en la serie anunció que pronto el sitio estará disponible para hacer tours guiados. ","La casa de Jonas, de la serie Dark, pronto ofrecerá tours guiados",http://www.eluniversal.com.mx/destinos/la-casa-de-jonas-de-la-serie-dark-pronto-ofrecera-tours-guiados,eluniversal,www.eluniversal.com.mx,8,26
75795f831d2311e43a732f7c7f0d7c70,"El Servicio de Administración Tributaria (SAT) agregó a 31 contribuyentes a la lista negra definitiva de factureros, por no lograr acreditar lo contrario.   La nueva lista global definitiva corresponde a notificaciones individuales previas durante julio, octubre, noviembre y diciembre de 2019, que se le hicieron a empresas y personas físicas por presuntamente usar facturas para amparar operaciones simuladas.   El listado lo encabezan las empresas de Puebla, Alternativa 18 Comercializadora y AGA Pez Factory, así como Beonly de Jalisco; también hay de Guerrero y Oaxaca.",SAT agrega a 31 contribuyentes a lista definitiva de factureros,http://www.eluniversal.com.mx/cartera/sat-agrega-31-contribuyentes-lista-definitiva-de-factureros,eluniversal,www.eluniversal.com.mx,6,49
a68292cdcf67c7783da565aef4413cb8," San José.— El anuncio que el presidente de Brasil, Jair Bolsonaro, difundió ayer de que dio positivo en una prueba de Covid-19 reafirmó un claro mensaje de que, ante la pandemia, “nadie es especial” y que, como alertó la Organización Mundial de la Salud (OMS) al revelarse que el gobernante se sumó a los más de 11.6 millones de enfermos del coronavirus en el orbe, todos “somos igualmente vulnerables”.","Bolsonaro ""irresponsable"", dicen expertos; ""contagio era inevitable""",http://www.eluniversal.com.mx/mundo/bolsonaro-irresponsable-dicen-expertos-contagio-era-inevitable,eluniversal,www.eluniversal.com.mx,6,31
b037373c007a52ecfef5e73a6149ee53," Ante la alta demanda de productos de protección sanitaria como mascarillas K95, KN95, desinfectante y gel antibacterial que contenga alcohol de 70 grados como mínimo, actualmente se pueden encontrar estos artículos en todo tipo de negocios, incluso en la vía pública, así como en redes sociales.",Canaco en SLP alerta por venta de insumos “pirata” para atender Covid-19,https://sanluis.eluniversal.com.mx/cartera/01-07-2020/canaco-en-slp-alerta-por-venta-de-insumos-pirata-para-atender-covid-19,eluniversal,sanluis.eluniversal.com.mx,7,25
9a3576b256b4b7326cbdfa9105166223," Este 2020 se cumplirán 8 años del asesinato de Karla Pontigo Lucciotto en el desaparecido antro Play. La noche del 28 de octubre de 2012 fue el comienzo de la travesía de Esperanza Lucciotto, madre de Karla, para buscar justicia y demostrar que la muerte de su hija no fue un accidente.","A ocho años de su asesinato, estrenan documental “Justicia para Karla Pontigo” ",https://sanluis.eluniversal.com.mx/sociedad/29-06-2020/ocho-anos-de-su-asesinato-estrenan-documental-justicia-para-karla-pontigo,eluniversal,sanluis.eluniversal.com.mx,8,23
5f66a40d63b5dd55d0b0cb2e60fd005a," Kylie Jenner aprovechó las primeras reaperturas en el país para vacacionar en un exclusivo hotel de lujo en Canyon Point de Utah, un destino inigualable en medio del desierto. ",el hotel de lujo en el desierto en donde vacaciona kylie jenner,https://www.viveusa.mx/destinos/el-hotel-de-lujo-en-el-desierto-en-donde-vacaciona-kylie-jenner,eluniversal,www.viveusa.mx,6,17
72fd0caf576cbe6414c25e717d67f04f,A casi dos semanas de que inició el registro en Bienestar Azteca todavía hay muchos beneficiarios de las Becas Benito Juárez de nivel medio superior que no pueden realizar su registro con éxito.,Pasos para registrarse en Bienestar Azteca e iniciar sesión: Becas,http://www.unionguanajuato.mx/articulo/2020/07/07/educacion/pasos-para-registrarse-en-bienestar-azteca-e-iniciar-sesion-becas,eluniversal,www.unionguanajuato.mx,7,19
9e6db5f08997f1596599bd9542b6181a,"El discurso del presidente en Washington, DC, fue correcto y canónico. Un discurso que, al igual que el perfilado por los gobiernos anteriores, desde Salinas de Gortari hasta el actual, apuesta por encontrar el futuro económico del país en Norteamérica. Es claramente una alocución en las antípodas de lo que la izquierda había defendido históricamente. A Fox lo acusaban de olvidarse de Latinoamérica, pero un presidente tan popular ha conseguido que sus bases hoy aplaudan la defensa del espacio comercial de Norteamérica al que en décadas previas acusaban de todos los males. No es cosa menor.",La visita,https://www.eluniversal.com.mx/opinion/leonardo-curzio-expres/la-visita,eluniversal,www.eluniversal.com.mx,1,47
0c7d94daf069d9c70da593398d057504,"El presidente Andrés Manuel López Obrador y su homólogo de EU, Donald Trump, destacaron la importancia de la puesta en marcha del Tratado entre México, Estados Unidos y Canadá (T-MEC).",Destacan AMLO y Trump puesta en marcha del T-MEC,https://www.eluniversal.com.mx/nacion/destacan-amlo-y-trump-puesta-en-marcha-del-t-mec,eluniversal,www.eluniversal.com.mx,5,17
be1c7199d400eef94b16c46bd7bfd02f,"Aunque el presidente Andrés Manuel López Obrador se había negado a usar el cubrebocas ante la pandemia por Covid-19, este martes lo hizo por primera vez en público al abordar un vuelo rumbo a Estados Unidos, para sostener un encuentro con su homólogo Donald Trump. ",AMLO se une al club de los que usan cubrebocas ,http://www.eluniversal.com.mx/nacion/coronavirus-amlo-se-une-al-club-de-los-que-usan-cubrebocas,eluniversal,www.eluniversal.com.mx,5,24
24d09d62d29655e1b5517dab461705c9," Simpatizantes del presidente mexicano Andrés Manual Lopez Obrador bailaron al ritmo de mariachi frente a las vallas que rodean la Casa Blanca, residencia del presidente de Estados Unidos, Donald Trump. ",video mexicanos bailan al ritmo de mariachi frente la casa blanca,https://www.viveusa.mx/noticias/video-mexicanos-bailan-al-ritmo-de-mariachi-frente-la-casa-blanca,eluniversal,www.viveusa.mx,8,20
f9c35c88cd2bccbcdd982bf656c5e3b8," En su esperada visita a la capital estadounidense, el presidente de México, Andrés Manuel López Obrador, depositó este miércoles flores a los pies de la estatua de bronce de Benito Juárez (1858-1872), al que considera un ejemplo en servicio público. ",por que hay una estatua de benito juarez en washington dc,https://www.viveusa.mx/destinos/por-que-hay-una-estatua-de-benito-juarez-en-washington-dc,eluniversal,www.viveusa.mx,5,22
202e5e4d4c48d97294bf102e4b267b1b,"Aunque su origen es español, el mazapán se ha convertido en uno de los dulces más queridos de México. Su versión tradicional está hecha a base de almendras molidas y azúcar, señala el Diccionario enciclopédico de la Gastronomía Mexicana.",Así se prepara la gelatina de mazapán,http://www.eluniversal.com.mx/menu/receta-facil-para-preparar-gelatina-de-mazapan,eluniversal,www.eluniversal.com.mx,4,20
6dd7976984bd1de041faf2a46061fadc,"Era una cena con la crema y nata empresarial. De acuerdo con un reportero de la Casa Blanca, la lista de invitados para un evento encabezado por el presidente Donald Trump, por la visita de su par mexicano, Andrés Manuel López Obrador, incluía a unos 20 empresarios de México y Estados Unidos. Al final, hubo ausencias notables.",Las ausencias notables en la cena que Trump ofreció a AMLO,http://www.eluniversal.com.mx/mundo/las-ausencias-notables-en-la-cena-que-trump-ofrecio-amlo,eluniversal,www.eluniversal.com.mx,6,29
30cfb1400ec95015366cd733c0c7ff57," A través de un convenio entre el gobierno de Oaxaca, el Colegio Superior para la Educación Integral Intercultural de Oaxaca (CSEIIO) y el Instituto Nacional de los Pueblos Indígenas (INPI), se destinarán 56 millones de pesos al Programa de apoyo a la educación indígena, con lo que se busca contribuir a la permanencia, desarrollo y conclusión del grado, y nivel académico de 3 mil 800 estudiantes pertenecientes a los pueblos y comunidades indígenas y afromexicanas.",Apoyarán a estudiantes indígenas de bachillerato en Oaxaca con hospedaje y alimentación,https://oaxaca.eluniversal.com.mx/estatal/07-07-2020/apoyaran-estudiantes-indigenas-de-bachillerato-en-oaxaca-con-hospedaje-y,eluniversal,oaxaca.eluniversal.com.mx,7,38
0bf2d7fe0d6ae4e14f51151fd5fe9554,"Washington.- La portavoz del Departamento de Estado, Morgan Ortagus, destacó la importancia que tiene para Estados Unidos el nexo con México, no sólo por la relación bilateral sino por el trabajo conjunto que tienen que hacer en colaboración para el bienestar y la seguridad de Centroamérica y Sudamérica. ","México, pieza clave para resolver retos regionales: Departamento de Estado de EU",http://www.eluniversal.com.mx/mundo/mexico-pieza-clave-para-resolver-retos-regionales-departamento-de-estado-de-eu,eluniversal,www.eluniversal.com.mx,8,21
fdee0f2eeb721187c0121e11241f155b,#OpiniónExprés,AMLO y Trump: cada quien sus audiencias,https://www.eluniversal.com.mx/opinion/solange-marquez/amlo-y-trump-cada-quien-sus-audiencias,eluniversal,www.eluniversal.com.mx,4,1
7d2737aa106be472fbb54e72a4e31406,"Washington.- El aspirante presidencial demócrata, Joe Biden, recordó, en medio de la reunión del presidente mexicano Andrés Manuel López Obrador con su par estadounidense, Donald Trump, que éste “lanzó su campaña en 2016 llamando violadores a los mexicanos”.","Trump llamaba ""violadores"" a migrantes, recuerda Biden ante visita de AMLO",http://www.eluniversal.com.mx/mundo/trump-llamaba-violadores-migrantes-recuerda-biden-ante-visita-de-amlo,eluniversal,www.eluniversal.com.mx,8,24
820045e525cba46582f6431f4d0ede75,"Ginebra.– La Organización Mundial de la Salud (OMS) reconoció este martes la “evidencia emergente” de la propagación por aire del coronavirus, luego de que un grupo de científicos instó a la entidad a actualizar sus guías sobre cómo se transmite la enfermedad.",la oms reconoce que existen evidencias de que el covid 19 se transmite en el aire,https://www.elgrafico.mx/viral/la-oms-reconoce-que-existen-evidencias-de-que-el-covid-19-se-transmite-en-el-aire,eluniversal,www.elgrafico.mx,7,21
033c4e985d857585b73e7169d60802e5,"Salamanca.- La noche de este miércoles siete personas fueron asesinadas en la comunidad Los Prieto en Salamanca, Guanajuato, cuatro de ellas en la calle y tres en el interior de una vivienda.","Asesinan a balazos a 7 personas en Salamanca, Guanajuato",http://www.eluniversal.com.mx/estados/asesinan-7-personas-en-salamanca-guanajuato,eluniversal,www.eluniversal.com.mx,5,14
